	subject	epitope	v_b_gene	j_b_gene	cdr3_b_aa	cdr1_b_aa	cdr2_b_aa	pmhc_b_aa	count	clone_id	neighbors	K_neighbors	cluster_id	public	n_subjects	size_order
1376	1390	GILGFVFTL	TRBV19*01	TRBJ2-7*01	CAGSIRSSYEQYF	LNH.......DA	SQI....VND	E.KKES	1	1377	[61, 84, 90, 112, 133, 201, 210, 362, 451, 575, 727, 806, 823, 953, 979, 982, 995, 1000, 1166, 1186, 1296, 1338, 1376, 1397, 1425, 1457, 1502, 1548, 1615, 1648, 1656, 1698, 1714, 1803, 1877, 1908, 2162, 2219, 2220, 2270, 2297, 2396, 2546, 2558, 2560, 2561, 2581, 2588, 2782, 2930, 3025, 3126, 3128, 3142, 3157, 3200, 3215, 3244, 3250, 3343, 3412, 3455, 3538, 3558, 3564, 3571, 3725, 3726, 3867, 3912, 3917, 3923, 3942, 3948, 3970, 4020, 4053, 4090, 4106, 4159, 4464, 4490, 4558, 4600, 4633, 4781, 4786, 4909, 4931, 4954, 5020, 5030, 5133, 5166, 5170, 5173, 5248, 5249, 5268, 5300, 5485, 5510, 5556, 5588, 5627, 5741, 5813, 5886, 5902, 6173, 6188, 6330, 6360, 6375, 6377, 6404, 6408, 6427, 6472, 6474, 6584, 6639, 6660, 6753, 6900, 7030, 7132, 7146, 7226, 7338, 7365, 7371, 7469, 7513, 7651, 7662, 7695, 7714, 7719, 7763, 7781, 7786, 7809, 7821, 8015, 8070, 8198, 8217, 8231, 8263, 8301, 8318, 8335, 8353]	154	16	public	154	0
660	665	GILGFVFTL	TRBV19*01	TRBJ2-1*01	CASSIRSGVEQFF	LNH.......DA	SQI....VND	E.KKES	1	661	[10, 93, 228, 318, 447, 624, 647, 660, 714, 749, 785, 914, 960, 1046, 1114, 1117, 1154, 1198, 1216, 1439, 1604, 1694, 1889, 1982, 2025, 2027, 2044, 2065, 2090, 2094, 2127, 2168, 2239, 2479, 2508, 2915, 2962, 3037, 3071, 3085, 3230, 3235, 3246, 3305, 3522, 3560, 3587, 3616, 3797, 3869, 3926, 3945, 3977, 4063, 4094, 4240, 4309, 4349, 4405, 4447, 4662, 4671, 4740, 4804, 4868, 4891, 5035, 5056, 5059, 5136, 5192, 5265, 5271, 5389, 5431, 5498, 5550, 5558, 5793, 5805, 5827, 5846, 5859, 6032, 6061, 6079, 6167, 6170, 6231, 6354, 6426, 6519, 6521, 6657, 6735, 6871, 6872, 6897, 6930, 6962, 7001, 7027, 7065, 7114, 7245, 7345, 7373, 7444, 7682, 7703, 7747, 7777, 7869, 7914, 8080, 8131, 8220, 8262, 8273, 8341, 8359]	121	15	public	121	1
1554	1568	GILGFVFTL	TRBV19*01	TRBJ2-3*01	CANSIRSTDTQYF	LNH.......DA	SQI....VND	E.KKES	1	1555	[60, 117, 165, 444, 469, 508, 517, 546, 549, 619, 692, 764, 808, 944, 1074, 1322, 1405, 1435, 1549, 1554, 1631, 1688, 1832, 1837, 1839, 2155, 2170, 2174, 2203, 2237, 2459, 2871, 3134, 3238, 3301, 3509, 3651, 3753, 3786, 3825, 3946, 3961, 4054, 4164, 4169, 4191, 4356, 4393, 4615, 4649, 4693, 4723, 4733, 4813, 4841, 4965, 5111, 5226, 5453, 5516, 5589, 5706, 5720, 5777, 5916, 5943, 5957, 6026, 6048, 6147, 6250, 6370, 6464, 6549, 6555, 6719, 6752, 6845, 6977, 7036, 7168, 7210, 7211, 7217, 7334, 7353, 7364, 7372, 7456, 7557, 7577, 7599, 7626, 7713, 7742, 7906, 7954, 8088, 8173, 8177, 8190, 8270, 8312, 8381]	104	1	public	104	2
5861	5922	GILGFVFTL	TRBV19*01	TRBJ2-7*01	CASSIYSGNEQYF	LNH.......DA	SQI....VND	E.KKES	1	5862	[30, 421, 439, 448, 556, 608, 623, 643, 669, 835, 1101, 1289, 1307, 1320, 1402, 1562, 1593, 1697, 1783, 1829, 1831, 1835, 1871, 1912, 1978, 2037, 2039, 2111, 2114, 2142, 2358, 2408, 2728, 2763, 3379, 3474, 3539, 3815, 3850, 3887, 4149, 4231, 4287, 4312, 4454, 4477, 4570, 4702, 4907, 4963, 4972, 5049, 5086, 5113, 5186, 5456, 5539, 5726, 5817, 5861, 5954, 6017, 6261, 6341, 6556, 6563, 6580, 6591, 6602, 6615, 6777, 6932, 6947, 7089, 7190, 7306, 7377, 7431, 7679, 7827, 8063, 8153, 8215, 8228, 8368]	85	18	public	85	3
6533	6604	GILGFVFTL	TRBV19*01	TRBJ1-2*01	CPSSIGVYGYTF	LNH.......DA	SQI....VND	E.KKES	1	6534	[13, 94, 252, 342, 356, 710, 761, 859, 911, 927, 1180, 1225, 1665, 1768, 1784, 1813, 1920, 2055, 2266, 2331, 2338, 2458, 2567, 2708, 2916, 2925, 3149, 3556, 3579, 3681, 3710, 3715, 3764, 3789, 3790, 3836, 3943, 3995, 4029, 4058, 4275, 4300, 4514, 4588, 4790, 4819, 4827, 5218, 5355, 5364, 5403, 5557, 5665, 5892, 6145, 6238, 6247, 6301, 6303, 6387, 6489, 6498, 6533, 6605, 6691, 6722, 6727, 6948, 7213, 7538, 7540, 7605, 7867, 7878, 7979, 7980, 8055, 8128, 8186, 8350]	80	14	public	80	4
2092	2112	GLCTLVAML	TRBV19*01	TRBJ2-2*01	CASSIRSTGELFF	LNH.......DA	SQI....VND	E.KKES	1	2093	[396, 518, 904, 1017, 1219, 1486, 1577, 1841, 2032, 2088, 2092, 2113, 2124, 2144, 2171, 2278, 2420, 2456, 2480, 2569, 2713, 2795, 2864, 3002, 3086, 3161, 3212, 3265, 3275, 3619, 3621, 3818, 3892, 4027, 4258, 4310, 4793, 4866, 5055, 5064, 5139, 5151, 5207, 5309, 5320, 5338, 5370, 5377, 5545, 5620, 5693, 5724, 5814, 5824, 5971, 6284, 6357, 6371, 6476, 6504, 6622, 6740, 6771, 6935, 6943, 7014, 7052, 7058, 7101, 7123, 7457, 7470, 7545, 7752, 7986, 8096, 8275, 8349, 8390]	79	27	public	79	5
6929	7002	GILGFVFTL	TRBV19*01	TRBJ1-1*01	CASSWTGNTEAFF	LNH.......DA	SQI....VND	E.KKES	1	6930	[67, 103, 115, 161, 173, 404, 422, 533, 585, 612, 707, 879, 1033, 1066, 1240, 1327, 1455, 1509, 1819, 2176, 2247, 2259, 2438, 2513, 2573, 2702, 2911, 2968, 2989, 3032, 3074, 3131, 3171, 3255, 3330, 3535, 3559, 3646, 3737, 4048, 4230, 4484, 4512, 4774, 4985, 4995, 5051, 5427, 5457, 5548, 5568, 5593, 5641, 5701, 6092, 6230, 6248, 6329, 6352, 6401, 6525, 6543, 6550, 6604, 6620, 6636, 6838, 6929, 6938, 7090, 7130, 7280, 7362, 7391, 7415, 7450, 8254, 8310]	78	21	public	78	6
3844	3882	GILGFVFTL	TRBV20-1*01	TRBJ2-7*01	CSAREGSYEQYF	DFQ......ATT	SNEG...SKA	A.SLTL	1	3845	[141, 154, 507, 576, 598, 731, 866, 963, 1032, 1036, 1073, 1091, 1184, 1193, 1445, 1482, 1576, 1706, 1763, 1804, 1869, 1876, 1981, 2104, 2324, 2449, 3153, 3261, 3263, 3432, 3487, 3569, 3620, 3684, 3844, 4068, 4266, 4329, 4371, 4529, 4531, 4561, 4713, 4818, 4845, 4852, 4926, 4937, 5202, 5337, 5444, 5594, 5599, 5667, 5694, 5799, 5845, 5877, 5889, 5946, 6000, 6344, 6378, 6579, 6716, 6766, 7043, 7311, 7337, 7385, 7399, 7532, 7884, 8162, 8202, 8279]	76	335	public	76	7
4927	4973	GILGFVFTL	TRBV20-1*01	TRBJ2-1*01	CSARDTSGSYNEQFF	DFQ......ATT	SNEG...SKA	A.SLTL	1	4928	[181, 449, 468, 520, 722, 886, 1110, 1113, 1143, 1381, 1448, 1711, 1723, 1734, 2181, 2295, 2460, 2621, 2630, 2638, 2698, 2885, 3222, 3309, 3392, 3670, 3724, 3740, 3781, 4052, 4061, 4129, 4138, 4171, 4339, 4579, 4594, 4630, 4847, 4904, 4927, 5052, 5141, 5241, 5384, 5462, 5792, 5891, 6013, 6038, 6160, 6287, 6685, 6743, 6758, 6828, 6928, 6937, 7227, 7272, 7295, 7400, 7411, 7481, 7562, 7586, 7665, 7723, 7773, 7784, 7891, 7903, 8045, 8239, 8311]	75	325	public	75	8
7729	7808	NLVPMVATV	TRBV5-1*01	TRBJ2-7*01	CASSLGTYEQYF	SGH.......RS	YFS....ETQ	F.SNSR	1	7730	[248, 275, 310, 465, 559, 617, 681, 956, 973, 1011, 1090, 1566, 1691, 1705, 1824, 2226, 2294, 2309, 2452, 2507, 2892, 2918, 3012, 3264, 3312, 3317, 3693, 3814, 3924, 4006, 4007, 4128, 4331, 4416, 4613, 4640, 4641, 4691, 4924, 5152, 5208, 5228, 5511, 5542, 5543, 5601, 5605, 5690, 5821, 5866, 5912, 6005, 6121, 6132, 6134, 6307, 6413, 6524, 6748, 6797, 6802, 6944, 6960, 7082, 7209, 7447, 7484, 7524, 7614, 7620, 7729, 8085]	72	147	public	72	9
6577	6648	GILGFVFTL	TRBV19*01	TRBJ2-3*01	CASSIISTDTQYF	LNH.......DA	SQI....VND	E.KKES	1	6578	[354, 405, 459, 511, 699, 736, 746, 768, 773, 1004, 1051, 1253, 1893, 1948, 1953, 2062, 2334, 2416, 2495, 2503, 2517, 2544, 2981, 3062, 3148, 3172, 3184, 3374, 3641, 4035, 4136, 4167, 4184, 4250, 4256, 4313, 4401, 4500, 4572, 4629, 4697, 4861, 4990, 5325, 5463, 5490, 5574, 5576, 5744, 5908, 6058, 6191, 6219, 6362, 6395, 6577, 6750, 6751, 6830, 7009, 7196, 7268, 7361, 7366, 7386, 8115]	66	2	public	66	10
8268	8354	NLVPMVATV	TRBV4-1*01	TRBJ2-1*01	CASSQEGGGYNEQFF	MGH.......RA	YSY....EKL	P.NSSL	1	8269	[18, 419, 457, 698, 840, 878, 1223, 1248, 1255, 1580, 1611, 1647, 1731, 1749, 1952, 1977, 2015, 2173, 2341, 2518, 2909, 2990, 3024, 3031, 3187, 3193, 3194, 3481, 3561, 3683, 3752, 3755, 4021, 4125, 4330, 4391, 4418, 4503, 4581, 4596, 4791, 4792, 5009, 5115, 5161, 5315, 5518, 5564, 5766, 6093, 6235, 6540, 6793, 6801, 6834, 7179, 7359, 7482, 7625, 7875, 7992, 8067, 8091, 8268, 8385]	65	266	public	65	11
2676	2698	NLVPMVATV	TRBV29-1*01	TRBJ2-7*01	CSVGGSYEQYF	SQV.......TM	ANQG...SEA	P.NLTF	1	2677	[198, 203, 671, 824, 861, 1030, 1345, 1473, 1720, 1775, 1859, 2061, 2073, 2119, 2261, 2370, 2450, 2541, 2655, 2656, 2676, 2686, 2718, 2947, 3009, 3251, 3294, 3359, 3738, 4122, 4262, 4382, 4501, 4506, 4542, 4655, 4887, 5079, 5172, 5312, 5455, 5764, 5807, 5816, 5822, 5884, 6111, 6325, 6421, 6516, 6642, 6876, 7092, 7199, 7315, 7432, 7488, 7774, 7791, 8026, 8074, 8145, 8146, 8178, 8265]	65	315	public	65	12
1973	1993	GLCTLVAML	TRBV7-8*01	TRBJ2-7*01	CASSLGAYEQYF	SGH.......VS	FQN....EAQ	P.EGSV	1	1974	[12, 48, 227, 258, 379, 553, 851, 899, 1095, 1388, 1436, 1441, 1595, 1762, 1973, 2066, 2159, 2206, 2245, 2457, 2732, 2810, 2878, 2934, 3088, 3278, 3394, 3600, 4069, 4120, 4372, 4834, 4839, 5028, 5033, 5060, 5065, 5233, 5289, 5347, 5371, 5433, 5521, 6192, 6568, 6595, 6601, 6688, 6697, 6737, 6814, 7018, 7063, 7129, 7141, 7185, 7325, 7594, 7685, 7831, 7950, 7953, 8020, 8299]	64	217	public	64	13
2701	2724	NLVPMVATV	TRBV6-5*01	TRBJ1-2*01	CASSPITGTGIYGYTF	MNH.......EY	SVG....AGI	S.TTED	1	2702	[75, 212, 323, 757, 778, 964, 976, 1115, 1165, 1183, 1188, 1218, 1279, 1299, 1449, 1646, 1683, 1811, 1945, 2121, 2194, 2267, 2565, 2701, 2710, 3127, 3262, 3298, 3532, 3632, 3736, 3757, 3803, 4034, 4123, 4351, 4547, 4785, 4835, 4880, 5229, 5353, 5425, 5636, 5800, 5984, 5996, 5997, 6028, 6052, 6157, 6294, 6347, 6649, 6787, 6931, 7321, 7454, 7597, 7598, 7632, 7717, 7874, 7958]	64	57	public	64	14
8302	8389	GILGFVFTL	TRBV19*01	TRBJ1-5*01	CAGSIYSNQPQHF	LNH.......DA	SQI....VND	E.KKES	1	8303	[57, 286, 654, 845, 918, 1008, 1316, 1326, 1357, 1487, 1744, 1777, 2089, 2248, 2305, 2344, 2371, 2436, 2543, 2600, 2983, 3000, 3106, 3118, 3694, 3716, 4002, 4206, 4325, 4395, 4410, 4538, 4611, 4874, 5048, 5073, 5169, 5494, 5903, 5927, 5940, 5988, 6109, 6598, 6652, 7044, 7140, 7477, 7522, 7525, 7581, 7697, 7820, 7842, 7847, 7881, 7933, 8049, 8176, 8183, 8258, 8302, 8384]	63	4	public	63	15
6575	6646	NLVPMVATV	TRBV27*01	TRBJ1-1*01	CASSFGGNEAFF	MNH.......EY	SMN....VEV	K.EKRN	1	6576	[56, 572, 793, 1061, 1222, 1305, 1314, 1371, 1501, 1879, 1916, 2091, 2552, 2585, 2674, 2777, 2870, 2964, 3096, 3170, 3186, 3334, 3404, 3583, 3828, 3876, 4178, 4387, 4684, 4718, 4849, 4988, 5072, 5285, 5677, 5740, 6097, 6212, 6279, 6337, 6492, 6522, 6546, 6573, 6575, 6645, 6678, 6806, 6836, 6908, 7205, 7301, 7392, 7449, 7546, 7826, 8123, 8257, 8259]	59	32	public	59	16
580	584	GLCTLVAML	TRBV7-9*01	TRBJ2-7*01	CASSYGDSYEQYF	SEH.......NR	FQN....EAQ	P.KGSF	1	581	[1, 120, 462, 580, 855, 1012, 1034, 1282, 1460, 1649, 1764, 1780, 1854, 2020, 2042, 2244, 2323, 2439, 2497, 2836, 2838, 2908, 2993, 3231, 3536, 3794, 3998, 4308, 4350, 4354, 4478, 4486, 4489, 4532, 4623, 4778, 4840, 5251, 5336, 5471, 5619, 5830, 5867, 6150, 6402, 6425, 6466, 6530, 6619, 7010, 7182, 7332, 7590, 7733, 8358, 8370]	56	240	public	56	17
1980	2000	YLQPRTFLL	TRBV20-1*01	TRBJ2-2*01	CSARDGLAQNTGELFF	DFQ......ATT	SNEG...SKA	A.SLTL	1	1981	[142, 158, 230, 236, 327, 514, 655, 709, 779, 1007, 1245, 1429, 1490, 1573, 1772, 1814, 1980, 2233, 2235, 2243, 2440, 2697, 2849, 2893, 2924, 3103, 3242, 3282, 3385, 3390, 3416, 3580, 3845, 4057, 4254, 4544, 4586, 5097, 5406, 5738, 5811, 5849, 6954, 7085, 7133, 7483, 7615, 7696, 7707, 7788, 8043, 8107, 8125, 8169, 8225, 8313]	56	323	public	56	18
3822	3859	NLVPMVATV	TRBV29-1*01	TRBJ1-1*01	CSVGDGNTEAFF	SQV.......TM	ANQG...SEA	P.NLTF	1	3823	[40, 152, 197, 223, 478, 544, 754, 1038, 1085, 1135, 1682, 1787, 1880, 1987, 2234, 2380, 2720, 2862, 2953, 3070, 3133, 3293, 3463, 3476, 3717, 3822, 3964, 4013, 4119, 4439, 4530, 4811, 4860, 5042, 5058, 5240, 5283, 5407, 5585, 5774, 5963, 5965, 6113, 6256, 6596, 6674, 6837, 6967, 7170, 7233, 7805, 7967, 8248, 8267, 8367]	55	311	public	55	19
5190	5240	GILGFVFTL	TRBV19*01	TRBJ2-1*01	CASSIYSGSYNEQFF	LNH.......DA	SQI....VND	E.KKES	1	5191	[135, 191, 294, 393, 765, 788, 881, 946, 1092, 1189, 1285, 1478, 1538, 1713, 2717, 2783, 3017, 3120, 3295, 3515, 3517, 3524, 4015, 4032, 4251, 4335, 4824, 4994, 5119, 5190, 5310, 5479, 5915, 6029, 6104, 6257, 6310, 6587, 6661, 6667, 6698, 6724, 6873, 7282, 7314, 7479, 7529, 7758, 7760, 7907, 7981, 8121, 8230, 8252, 8280]	55	9	public	55	20
6244	6310	GILGFVFTL	TRBV19*01	TRBJ2-1*01	CASSMTGYNEQFF	LNH.......DA	SQI....VND	E.KKES	1	6245	[355, 470, 548, 577, 683, 818, 906, 1159, 1360, 1587, 1590, 1725, 1848, 1865, 1984, 2146, 2147, 2224, 2725, 3207, 3315, 3497, 3555, 3769, 4085, 4244, 4338, 4429, 4526, 4534, 4698, 4728, 5529, 5626, 5796, 5964, 6210, 6233, 6237, 6244, 6430, 6469, 6606, 6717, 6840, 6861, 7104, 7249, 7561, 7817, 7862, 7963, 8204, 8343]	54	19	public	54	21
6027	6088	YLQPRTFLL	TRBV7-9*01	TRBJ2-1*01	CASSLDSEQFF	SEH.......NR	FQN....EAQ	P.KGSF	1	6028	[49, 455, 565, 745, 1138, 1201, 1281, 1653, 1754, 1925, 1956, 2179, 2199, 2238, 2251, 2300, 2955, 2967, 3064, 3493, 3549, 3597, 3622, 3813, 3906, 4072, 4267, 4475, 4886, 4961, 4999, 5068, 5109, 5216, 5231, 5331, 5531, 5575, 5839, 5989, 6027, 6178, 6374, 7026, 7438, 7509, 7740, 7741, 7759, 7882, 8040, 8092, 8114]	53	239	public	53	22
2877	2906	GLCTLVAML	TRBV9*01	TRBJ2-1*01	CASSVAGGDEQFF	SGD.......LS	YYN....GEE	F.PDLH	1	2878	[254, 290, 525, 628, 725, 936, 1014, 1043, 1287, 1311, 1347, 1469, 1748, 2280, 2703, 2811, 2877, 2879, 2949, 3050, 3117, 3326, 3367, 3414, 3428, 3430, 3512, 4071, 4153, 4204, 4438, 4521, 4606, 4634, 4979, 5669, 5732, 6181, 6239, 6447, 6641, 6809, 7127, 7222, 7230, 7241, 7859, 7887, 7896, 7965, 8112, 8200, 8307]	53	134	public	53	23
2070	2090	GILGFVFTL	TRBV19*01	TRBJ1-1*01	CASSIRSSTEAFF	LNH.......DA	SQI....VND	E.KKES	1	2071	[111, 163, 213, 268, 311, 473, 781, 834, 957, 1084, 1571, 2070, 2099, 2126, 2175, 2228, 2269, 2369, 2387, 2389, 2711, 3290, 3393, 3419, 3445, 3546, 3586, 4216, 4332, 4817, 4828, 4871, 5495, 5560, 5682, 5714, 5779, 6127, 6705, 6739, 6965, 7056, 7207, 7354, 7418, 7436, 7490, 7762, 7880, 7947, 8101, 8336]	52	20	public	52	24
5767	5826	GLCTLVAML	TRBV5-1*01	TRBJ2-3*01	CASSFSGSTDTQYF	SGH.......RS	YFS....ETQ	F.SNSR	1	5768	[284, 420, 589, 653, 691, 738, 865, 891, 1089, 1220, 1337, 1785, 2346, 2444, 2464, 2473, 2476, 2688, 3256, 3270, 3503, 3773, 3776, 3999, 4019, 4495, 4540, 4707, 5120, 5168, 5181, 5423, 5480, 5563, 5767, 5956, 6241, 6348, 6355, 6701, 6824, 7087, 7228, 7379, 7424, 7463, 7658, 7730, 8062, 8205, 8315, 8337]	52	140	public	52	25
1379	1393	GILGFVFTL	TRBV29-1*01	TRBJ2-1*01	CSVEDISGYNEQFF	SQV.......TM	ANQG...SEA	P.NLTF	1	1380	[5, 23, 231, 481, 1013, 1016, 1026, 1153, 1379, 1472, 1493, 1850, 2272, 2335, 2337, 2357, 2360, 2400, 2491, 2525, 2620, 2709, 2781, 2796, 3039, 3053, 3083, 3107, 3124, 3734, 3770, 4317, 4319, 4370, 4601, 4928, 5274, 5467, 5973, 5980, 6819, 6995, 7074, 7178, 7327, 7870, 7916, 7918, 7940, 8161, 8317, 8339]	52	320	public	52	26
1612	1629	GLCTLVAML	TRBV20-1*01	TRBJ1-1*01	CSARDDGVNTEAFF	DFQ......ATT	SNEG...SKA	A.SLTL	1	1613	[208, 317, 352, 445, 674, 872, 902, 954, 1060, 1093, 1209, 1612, 1759, 2218, 2276, 2521, 2559, 2574, 2797, 2913, 3111, 3185, 3650, 3742, 3804, 3839, 4198, 4236, 4368, 4386, 4685, 5294, 5343, 5375, 5434, 5481, 5642, 5801, 5890, 5898, 6033, 6155, 6608, 6796, 6987, 7176, 7308, 7921, 7927, 7952, 7984, 8044]	52	333	public	52	27
1162	1172	GILGFVFTL	TRBV19*01	TRBJ2-7*01	CASSIYGSYEQYF	LNH.......DA	SQI....VND	E.KKES	1	1163	[32, 240, 261, 331, 433, 493, 494, 516, 593, 812, 1162, 1312, 1350, 1594, 1639, 1899, 2058, 2236, 2498, 2659, 2753, 3008, 3192, 3271, 3277, 3581, 3688, 3714, 3754, 3785, 4260, 4297, 4407, 4462, 4585, 4825, 4952, 5017, 5324, 5402, 5897, 6156, 6207, 6340, 6419, 6763, 6818, 7098, 7539, 7839, 7861, 8354]	52	17	public	52	28
1564	1578	NLVPMVATV	TRBV20-1*01	TRBJ2-5*01	CSARDWGEETQYF	DFQ......ATT	SNEG...SKA	A.SLTL	1	1565	[441, 509, 776, 1477, 1564, 1719, 1853, 1965, 2188, 2474, 2902, 3329, 3485, 3489, 3800, 3859, 4039, 4152, 4237, 4283, 4411, 4730, 4784, 5277, 5394, 5681, 5785, 5910, 5914, 5986, 6057, 6089, 6252, 6281, 6501, 6706, 6711, 6848, 6955, 6975, 7034, 7248, 7374, 7515, 7671, 7746, 7772, 7920, 8017, 8209, 8276]	51	337	public	51	29
3065	3097	GILGFVFTL	TRBV7-8*01	TRBJ2-5*01	CASSLLGFSTETQYF	SGH.......VS	FQN....EAQ	P.EGSV	1	3066	[14, 15, 989, 1126, 1530, 1599, 1628, 1738, 2157, 2355, 2520, 2523, 2548, 2551, 2562, 3015, 3049, 3065, 3663, 3720, 3871, 3875, 3962, 4017, 4174, 4369, 4575, 4873, 4898, 4938, 5282, 5317, 5326, 5500, 5798, 6206, 6976, 6988, 7068, 7102, 7181, 7216, 7344, 7607, 7946, 7991, 8022, 8102, 8136]	49	230	public	49	30
1140	1150	GILGFVFTL	TRBV9*01	TRBJ2-3*01	CASSVSGSTDTQYF	SGD.......LS	YYN....GEE	F.PDLH	1	1141	[83, 242, 291, 676, 876, 1081, 1131, 1140, 1302, 1471, 1556, 1933, 1941, 2137, 2163, 2165, 2382, 2580, 2843, 3075, 3292, 3397, 3627, 3729, 3878, 3893, 3996, 4004, 4208, 4278, 4651, 4666, 4735, 4749, 5006, 5101, 5221, 5227, 5332, 5637, 5717, 5755, 5947, 6896, 6978, 7363, 7813, 7828]	48	130	public	48	31
50	51	GILGFVFTL	TRBV27*01	TRBJ2-1*01	CASSLGGSAYNEQFF	MNH.......EY	SMN....VEV	K.EKRN	1	51	[50, 199, 366, 777, 831, 847, 1670, 1919, 2072, 2087, 2187, 2361, 2413, 2482, 2714, 2895, 3123, 3176, 3201, 3318, 3399, 3415, 3542, 3774, 3801, 3816, 3939, 3976, 4271, 4289, 4381, 4946, 5116, 5323, 5328, 5718, 5896, 6010, 6189, 6211, 6338, 6339, 6477, 6538, 6940, 7049, 7198, 7320]	48	39	public	48	32
205	207	GLCTLVAML	TRBV29-1*01	TRBJ1-2*01	CSTQEGGYGYTF	SQV.......TM	ANQG...SEA	P.NLTF	1	206	[16, 205, 502, 672, 705, 815, 948, 1042, 1513, 1539, 1758, 2134, 2499, 2644, 2785, 2827, 2957, 2988, 3033, 3444, 3507, 3623, 3703, 4269, 4348, 4375, 4541, 4746, 4862, 5019, 5165, 5530, 5613, 5679, 5929, 6076, 6101, 6707, 6853, 6992, 7109, 7270, 7342, 7433, 7512, 7630, 7943, 8379]	48	310	public	48	33
6823	6895	GILGFVFTL	TRBV19*01	TRBJ2-1*01	CASSIYGSSYNEQFF	LNH.......DA	SQI....VND	E.KKES	1	6824	[146, 176, 369, 763, 867, 981, 1035, 1124, 1170, 1252, 1491, 1560, 1601, 1845, 2009, 2466, 2549, 2577, 2746, 2800, 2819, 3140, 3473, 3530, 3540, 3602, 3682, 3713, 3750, 4112, 4279, 4864, 4893, 5016, 5327, 5628, 6086, 6228, 6588, 6823, 6869, 6890, 7159, 7409, 7508, 7756, 8142, 8326]	48	10	public	48	34
3590	3623	NLVPMVATV	TRBV29-1*01	TRBJ2-3*01	CSVEGGRGDTQYF	SQV.......TM	ANQG...SEA	P.NLTF	1	3591	[22, 59, 297, 467, 479, 659, 1072, 1194, 1346, 1380, 1386, 1432, 1613, 2265, 2386, 2694, 2705, 2820, 3030, 3208, 3590, 3884, 3954, 4176, 4788, 4801, 4962, 5061, 5066, 5387, 5638, 5709, 5951, 6342, 6428, 6783, 6833, 6893, 6911, 7500, 7624, 7716, 7728, 7876, 7909, 8066, 8382]	47	319	public	47	35
6182	6245	NLVPMVATV	TRBV11-2*01	TRBJ2-1*01	CASSLGGYNEQFF	SGH.......AT	FQN....NGV	L.KGVD	1	6183	[226, 400, 741, 825, 829, 1224, 1242, 1370, 1582, 1677, 1709, 1900, 2211, 2545, 2734, 2774, 2792, 2881, 3337, 3357, 3371, 3411, 3439, 3578, 3784, 4082, 4337, 4413, 4515, 5014, 5217, 5442, 5571, 5733, 5991, 6060, 6182, 6254, 6410, 6731, 6941, 7011, 7070, 7585, 7841]	45	193	public	45	36
3944	3982	GILGFVFTL	TRBV12-3*01	TRBJ2-7*01	CASSFGLYEQYF	SGH.......NS	FNN....NVP	P.NASF	1	3945	[11, 229, 359, 368, 397, 436, 522, 841, 1003, 1068, 1459, 1521, 1708, 2048, 2443, 3005, 3116, 3228, 3286, 3320, 3409, 3881, 3944, 4270, 4301, 4374, 5029, 5163, 5432, 5461, 5872, 5938, 6043, 6175, 6296, 6300, 6398, 6574, 7339, 7568, 7583, 7873, 8061, 8352, 8371]	45	286	public	45	37
1499	1513	NLVPMVATV	TRBV28*01	TRBJ2-3*01	CASSLVAGPGTDTQYF	MDH.......EN	SYD....VKM	E.KKER	1	1500	[430, 571, 780, 1203, 1499, 1715, 1788, 1874, 1960, 2050, 2180, 2536, 2803, 2847, 2948, 3047, 3370, 3436, 3469, 3658, 3960, 4103, 4140, 4232, 4593, 4761, 5050, 5167, 5255, 5297, 5472, 5538, 5666, 6195, 6255, 6531, 7262, 7273, 7357, 7499, 7795, 7970, 8060, 8149]	44	89	public	44	38
828	834	GILGFVFTL	TRBV19*01	TRBJ2-3*01	CASSIHGADTQYF	LNH.......DA	SQI....VND	E.KKES	1	829	[329, 506, 562, 615, 645, 711, 724, 828, 1027, 1233, 1288, 1465, 1484, 1586, 1795, 1949, 2145, 2636, 2816, 3036, 3971, 4088, 4209, 4471, 4703, 4890, 4930, 5023, 5210, 5566, 5578, 5783, 6432, 6891, 7053, 7255, 7542, 7553, 7560, 7706, 7727, 8042, 8229, 8251]	44	3	public	44	39
5604	5661	NLVPMVATV	TRBV12-3*01	TRBJ1-1*01	CASSLGVNTEAFF	SGH.......NS	FNN....NVP	P.NASF	1	5605	[185, 295, 353, 561, 641, 756, 1352, 1629, 1689, 2279, 2631, 2635, 3063, 3112, 3400, 3568, 3672, 3680, 3885, 3895, 4298, 4485, 4717, 4758, 4836, 4856, 4983, 5367, 5415, 5417, 5604, 5615, 6253, 6839, 7050, 7145, 7278, 7563, 7566, 7660, 7814, 8071, 8271, 8328]	44	285	public	44	40
3550	3583	NLVPMVATV	TRBV20-1*01	TRBJ2-7*01	CSARGLAGAYEQYF	DFQ......ATT	SNEG...SKA	A.SLTL	1	3551	[341, 530, 644, 717, 883, 959, 1303, 1820, 1914, 2363, 2487, 2606, 2614, 2804, 2894, 2921, 3040, 3057, 3129, 3550, 3928, 3929, 3979, 4109, 4548, 4706, 4903, 5039, 5541, 5646, 5704, 5763, 6044, 6190, 6772, 7071, 7380, 7865, 7999, 8009, 8065, 8331, 8389]	43	328	public	43	41
4745	4791	NLVPMVATV	TRBV13*01	TRBJ2-7*01	CASSLGGGSYEQYF	PRH.......DT	FYE....KMQ	F.SDYH	1	4746	[566, 602, 798, 896, 1146, 1393, 1399, 1479, 1494, 1553, 1568, 1585, 1771, 2057, 2143, 2531, 2928, 3440, 3707, 3812, 4055, 4745, 4767, 4768, 4922, 5238, 5256, 5299, 5424, 5549, 5573, 5752, 5826, 5887, 6107, 6282, 6515, 6617, 6957, 7549, 7732, 7833, 7848]	43	151	public	43	42
192	194	GILGFVFTL	TRBV19*01	TRBJ1-5*01	CASSIVGIGNQPQHF	LNH.......DA	SQI....VND	E.KKES	1	193	[192, 636, 646, 1116, 1177, 1290, 1619, 1662, 1844, 2053, 2807, 2824, 2986, 3335, 3342, 3479, 3527, 3603, 4265, 4282, 4459, 4480, 4829, 4967, 5003, 5213, 5362, 5657, 6409, 6440, 7046, 7095, 7126, 7243, 7254, 7355, 7767, 7852, 8090, 8158, 8164, 8234]	42	6	public	42	43
933	939	NLVPMVATV	TRBV27*01	TRBJ2-7*01	CASSLGISYEQYF	MNH.......EY	SMN....VEV	K.EKRN	1	934	[188, 622, 728, 789, 820, 868, 933, 1023, 1082, 1291, 1384, 1776, 1881, 1935, 2315, 2475, 2603, 2650, 2687, 3468, 3508, 3596, 3629, 3664, 3678, 3685, 4044, 4412, 5138, 5185, 5242, 5873, 5882, 6082, 6335, 6654, 6813, 6916, 6997, 7369, 7405]	41	41	public	41	44
6567	6638	NLVPMVATV	TRBV7-8*01	TRBJ2-7*01	CASSLGQGPSYEQYF	SGH.......VS	FQN....EAQ	P.EGSV	1	6568	[8, 206, 278, 365, 873, 919, 1164, 1377, 1387, 1598, 1796, 2122, 2942, 3061, 3090, 3213, 3403, 3661, 3743, 4001, 4185, 4211, 4441, 4468, 4592, 5106, 5129, 5348, 5523, 5644, 5736, 5771, 5829, 6567, 6910, 6918, 7642, 7749, 7951, 8323]	40	222	public	40	45
7932	8013	NLVPMVATV	TRBV15*01	TRBJ2-3*01	CATSRDKGTDTQYF	LNH.......NV	YYD....KDF	P.NTSF	1	7933	[46, 264, 335, 374, 670, 752, 934, 970, 974, 1065, 1503, 1618, 1659, 1769, 1810, 1870, 1968, 2081, 2302, 3933, 4247, 4276, 4318, 4591, 5200, 5341, 5651, 5697, 5734, 5815, 6056, 6094, 6358, 6462, 6646, 7335, 7932, 7961, 8291]	39	309	public	39	46
6810	6882	GLCTLVAML	TRBV2*01	TRBJ2-2*01	CASSEGRVAPGELFF	SNH.......LY	FYN....NEI	P.DGSN	1	6811	[9, 435, 573, 586, 1120, 1740, 2063, 2249, 2575, 2664, 2952, 3084, 3182, 3950, 3987, 4108, 4455, 4461, 4700, 4805, 5505, 5925, 6051, 6251, 6269, 6277, 6810, 6821, 6852, 6879, 6913, 7038, 7112, 7276, 7505, 7618, 7743, 7912, 8191]	39	296	public	39	47
2250	2270	NLVPMVATV	TRBV29-1*01	TRBJ2-1*01	CSVVGTINEQFF	SQV.......TM	ANQG...SEA	P.NLTF	1	2251	[360, 1123, 1323, 1353, 1766, 1958, 2077, 2250, 2586, 2745, 2769, 3056, 3078, 3175, 3247, 3311, 3865, 4008, 4011, 4709, 4794, 4982, 4997, 5011, 5177, 5215, 5630, 5716, 5812, 6112, 6689, 6856, 6968, 7006, 7047, 7061, 7139, 7151]	38	314	public	38	48
1830	1849	GILGFVFTL	TRBV19*01	TRBJ2-1*01	CASSIGTGEQFF	LNH.......DA	SQI....VND	E.KKES	1	1831	[232, 307, 490, 908, 1250, 1304, 1339, 1464, 1793, 1830, 2289, 3355, 3402, 3510, 3519, 3741, 3858, 4114, 4202, 4327, 4704, 4732, 4984, 5193, 5196, 5445, 5598, 5661, 5747, 5876, 6309, 6859, 6986, 7446, 7474, 7857, 8032, 8247]	38	26	public	38	49
4396	4438	GILGFVFTL	TRBV6-5*01	TRBJ2-7*01	CASSYGGYEQYF	MNH.......EY	SVG....AGI	S.TTED	1	4397	[395, 610, 887, 945, 969, 1592, 2402, 2447, 2467, 2576, 2683, 2929, 3110, 3296, 3363, 3456, 3461, 3525, 3652, 3779, 4361, 4396, 4417, 4573, 4598, 4833, 6066, 6478, 6578, 6665, 7004, 7028, 7328, 7430, 7573, 7654, 7849, 8214]	38	65	public	38	50
961	967	GLCTLVAML	TRBV7-9*01	TRBJ2-3*01	CASSPGQGGTDTQYF	SEH.......NR	FQN....EAQ	P.KGSF	1	962	[202, 358, 411, 590, 662, 721, 961, 978, 1349, 1375, 2010, 2602, 2669, 2996, 3143, 3218, 3529, 3903, 4126, 4252, 4355, 4565, 5486, 5721, 5806, 5840, 6240, 6314, 6336, 6815, 6865, 7815, 7960, 8110, 8180, 8295, 8377]	37	227	public	37	51
1747	1765	NLVPMVATV	TRBV30*01	TRBJ2-7*01	CAWSVGSYEQYF	GTS......NPN	SVG.....IG	P.QDRQ	1	1748	[88, 309, 343, 799, 869, 930, 975, 1002, 1112, 1127, 1669, 1747, 2086, 2148, 2616, 2995, 3491, 4179, 4844, 4916, 5088, 5278, 5524, 5760, 5788, 6392, 6412, 6434, 6723, 6747, 6827, 6949, 7289, 7510, 7735, 7922, 8008]	37	84	public	37	52
3974	4012	NLVPMVATV	TRBV5-6*01	TRBJ2-7*01	CASSLGSGGSYEQYF	SGH.......DT	YYE....EEE	F.PNYS	1	3975	[381, 941, 1160, 1963, 1972, 2196, 2332, 2851, 3341, 3457, 3534, 3696, 3731, 3974, 4023, 4154, 4545, 4734, 5074, 5132, 5590, 5727, 5768, 6054, 6171, 6518, 6730, 6732, 6919, 7013, 7024, 7051, 7681, 7725, 7785, 7931, 7974]	37	162	public	37	53
2221	2241	NLVPMVATV	TRBV20-1*01	TRBJ1-3*01	CSARIGVGNTIYF	DFQ......ATT	SNEG...SKA	A.SLTL	1	2222	[472, 483, 782, 988, 1104, 1176, 1317, 1544, 1652, 1774, 1836, 1975, 2221, 2312, 2699, 2865, 2926, 2943, 2992, 2997, 3001, 3236, 3437, 4203, 4663, 4964, 4977, 5458, 6067, 6551, 6618, 7668, 8006, 8082, 8083, 8374, 8393]	37	344	public	37	54
4597	4641	GILGFVFTL	TRBV19*01	TRBJ2-1*01	CASSPLAGGFNEQFF	LNH.......DA	SQI....VND	E.KKES	1	4598	[328, 440, 923, 1205, 1269, 1672, 1680, 2437, 2667, 2840, 3028, 3115, 3183, 3283, 3349, 3369, 3756, 3788, 3909, 4383, 4597, 4853, 4958, 5261, 5305, 5385, 6146, 6757, 6808, 6953, 7016, 7890, 8000, 8021, 8024, 8184]	36	7	public	36	55
495	498	NLVPMVATV	TRBV12-3*01	TRBJ2-1*01	CASSSVNEQLF	SGH.......NS	FNN....NVP	P.NASF	1	496	[20, 44, 145, 495, 650, 909, 1617, 2264, 2526, 3223, 3462, 3470, 3490, 3863, 4062, 4099, 4424, 4876, 4878, 5038, 5081, 5409, 5532, 5735, 6291, 6465, 6503, 7005, 7281, 7631, 7739, 8050, 8052, 8303, 8351]	35	287	public	35	56
1475	1489	YLQPRTFLL	TRBV5-1*01	TRBJ2-2*01	CASSDGNTGELFF	SGH.......RS	YFS....ETQ	F.SNSR	1	1476	[131, 167, 377, 1400, 1451, 1475, 1636, 1687, 2640, 3308, 3655, 3897, 3913, 3991, 4009, 4219, 4246, 4273, 4306, 4821, 5158, 5809, 6015, 6084, 6114, 6400, 6470, 6484, 6844, 6850, 7117, 7253, 7793, 7936, 8298]	35	199	public	35	57
8274	8360	NLVPMVATV	TRBV28*01	TRBJ2-2*01	CASSLSGDTGELFF	MDH.......EN	SYD....VKM	E.KKER	1	8275	[65, 634, 842, 1330, 1572, 1650, 1815, 2409, 2537, 2857, 2954, 2971, 3098, 3484, 3606, 4207, 4943, 5148, 5290, 5368, 5405, 5476, 5990, 6486, 6744, 6795, 6829, 6832, 6862, 7187, 7383, 7637, 7834, 8208, 8274]	35	92	public	35	58
2624	2646	NLVPMVATV	TRBV6-2*01	TRBJ2-1*01	CASSYIAGAYNEQFF	MNH.......EY	SVG....EGT	L.KKQN	1	2625	[257, 837, 907, 1109, 1256, 1318, 1523, 2008, 2510, 2624, 2752, 2912, 3135, 3973, 4181, 4621, 4769, 5237, 5329, 5652, 5941, 5959, 6142, 6361, 6526, 6650, 6863, 6895, 7048, 7108, 7148, 7472, 7480, 7837, 7856]	35	53	public	35	59
7485	7562	NLVPMVATV	TRBV4-2*01	TRBJ2-3*01	CASSQLGTDTQYF	LGH.......NA	YNF....KEQ	P.NSSH	1	7486	[193, 496, 846, 1272, 1310, 1801, 1858, 2035, 2223, 2528, 2788, 2966, 3045, 3168, 3384, 3633, 3957, 4188, 4201, 4380, 4388, 4467, 4610, 4738, 4939, 4991, 5506, 5676, 5680, 6343, 7206, 7330, 7485, 7612, 7957]	35	274	public	35	60
1943	1963	GILGFVFTL	TRBV5-1*01	TRBJ2-7*01	CASSLVGLSYEQYF	SGH.......RS	YFS....ETQ	F.SNSR	1	1944	[33, 80, 1192, 1423, 1624, 1943, 2079, 2274, 2354, 2570, 2628, 2776, 2938, 3495, 3617, 3751, 3984, 4049, 4194, 4520, 4622, 4631, 4756, 5077, 5334, 5553, 5803, 6042, 6274, 6754, 6851, 7422, 8056, 8348]	34	144	public	34	61
1453	1467	GILGFVFTL	TRBV19*01	TRBJ2-1*01	CASSIRSSYNEQFF	LNH.......DA	SQI....VND	E.KKES	1	1454	[91, 100, 334, 1055, 1238, 1264, 1453, 1578, 2080, 2085, 2898, 3066, 3119, 3174, 3346, 3405, 3483, 3866, 4762, 5000, 5496, 5823, 5879, 6396, 6561, 6613, 6974, 7067, 7300, 7350, 7518, 7765, 7807, 7885]	34	8	public	34	62
5430	5484	NLVPMVATV	TRBV5-1*01	TRBJ1-1*01	CASSLEGGTEAFF	SGH.......RS	YFS....ETQ	F.SNSR	1	5431	[211, 552, 871, 1102, 1328, 1430, 1751, 1849, 1863, 2320, 2374, 2761, 3356, 3452, 3795, 3873, 4241, 4334, 4347, 4513, 4636, 4637, 4919, 5430, 6011, 6458, 6715, 6792, 7367, 7440, 7942, 8210, 8221, 8327]	34	146	public	34	63
7548	7625	GILGFVFTL	TRBV27*01	TRBJ2-7*01	CASSFGQGADEQYF	MNH.......EY	SMN....VEV	K.EKRN	1	7549	[26, 591, 631, 648, 1527, 1812, 1875, 1882, 2571, 2890, 3146, 3241, 4642, 5180, 5286, 5979, 6174, 6264, 6379, 6536, 6756, 6803, 6882, 7096, 7097, 7531, 7548, 7574, 7845, 7956, 7972, 8076, 8155, 8321]	34	42	public	34	64
3321	3354	GLCTLVAML	TRBV28*01	TRBJ2-1*01	CASSLRNSYEQFF	MDH.......EN	SYD....VKM	E.KKER	1	3322	[79, 387, 790, 997, 1262, 1309, 2129, 2405, 2477, 2564, 2566, 2886, 2944, 2979, 3203, 3321, 3389, 3466, 3704, 3918, 4093, 4731, 4799, 4879, 4900, 5189, 5303, 6332, 6979, 7172, 7567, 7645, 7676, 8034]	34	93	public	34	65
5673	5730	NLVPMVATV	TRBV3-1*01	TRBJ2-7*01	CASSQTSGSSYEQYF	LGH.......DT	YNN....KEL	P.DKAH	1	5674	[71, 503, 505, 1438, 1685, 1727, 2138, 2425, 2568, 2672, 3531, 3746, 3966, 4111, 4163, 4627, 4645, 5194, 5429, 5603, 5673, 6213, 6497, 6625, 6659, 6788, 7269, 7576, 7684, 7799, 7864, 8025, 8059, 8277]	34	252	public	34	66
3181	3214	GILGFVFTL	TRBV19*01	TRBJ2-1*01	CASSTGTPQFF	LNH.......DA	SQI....VND	E.KKES	1	3182	[77, 265, 315, 1325, 1331, 1336, 1369, 1461, 1603, 2311, 3121, 3181, 3570, 3656, 3900, 3920, 3927, 4018, 4293, 4797, 4858, 5087, 5121, 5144, 5230, 5318, 6124, 6161, 6322, 6448, 6559, 6680, 6971, 7442]	34	12	public	34	67
2681	2703	GLCTLVAML	TRBV7-6*01	TRBJ2-5*01	CASSLGGEETQYF	SGH.......VS	FNY....EAQ	P.EGSI	1	2682	[3, 322, 344, 466, 1366, 1412, 2056, 2202, 2681, 2830, 2961, 3460, 3675, 4144, 4798, 4921, 5244, 5606, 5614, 5860, 5935, 6078, 6196, 6424, 6670, 6741, 7137, 7149, 7384, 7448, 7771, 7901, 8079, 8383]	34	229	public	34	68
1041	1049	NLVPMVATV	TRBV2*01	TRBJ2-7*01	CASSGEQGFYEQYF	SNH.......LY	FYN....NEI	P.DGSN	1	1042	[130, 279, 382, 383, 583, 613, 1041, 1197, 2263, 2775, 3027, 3377, 3588, 3727, 3949, 4444, 4528, 4722, 5607, 6271, 6439, 6450, 6488, 6702, 6993, 7164, 7260, 7397, 7913, 8019, 8036, 8051, 8179]	33	292	public	33	69
330	332	NLVPMVATV	TRBV12-3*01	TRBJ1-2*01	CASSPTGGSYGYTF	SGH.......NS	FNN....NVP	P.NASF	1	331	[169, 330, 664, 1266, 1468, 1730, 1922, 1931, 2347, 2429, 2633, 2935, 3162, 3465, 3821, 4165, 4376, 4519, 4567, 4632, 4830, 5070, 5126, 5492, 6153, 6221, 6328, 6422, 6437, 6609, 6804, 7455, 8047]	33	284	public	33	70
4443	4485	NLVPMVATV	TRBV5-6*01	TRBJ2-7*01	CASSFEGIYEQYF	SGH.......DT	YYE....EEE	F.PNYS	1	4444	[17, 292, 642, 1094, 1234, 1746, 1773, 2098, 2349, 2678, 2973, 3173, 3882, 4056, 4097, 4147, 4443, 4742, 4806, 5080, 5281, 5719, 5773, 6468, 6481, 6681, 7258, 7264, 7693, 7738, 7810, 8089, 8168]	33	161	public	33	71
998	1006	GLCTLVAML	TRBV6-5*01	TRBJ2-3*01	CASSYGAGEDTQYF	MNH.......EY	SVG....AGI	S.TTED	1	999	[2, 95, 125, 207, 378, 501, 519, 889, 998, 1514, 1798, 2737, 3288, 3618, 4363, 4497, 4523, 4955, 4993, 5104, 5179, 5583, 5649, 5745, 6025, 6108, 6128, 6135, 6547, 7434, 7866, 8141, 8306]	33	70	public	33	72
1417	1431	NLVPMVATV	TRBV27*01	TRBJ2-7*01	CANSPVAGAPHEQYF	MNH.......EY	SMN....VEV	K.EKRN	1	1418	[195, 204, 715, 1355, 1417, 1511, 1638, 1989, 2258, 2336, 3360, 3450, 3811, 5057, 5146, 5184, 5319, 5710, 6123, 6321, 6552, 6718, 6855, 7154, 7267, 7402, 7527, 7683, 7692, 7829, 7990, 8069, 8240]	33	40	public	33	73
3676	3710	NLVPMVATV	TRBV30*01	TRBJ2-7*01	CAWSVGTGAYEQYF	GTS......NPN	SVG.....IG	P.QDRQ	1	3677	[78, 233, 443, 550, 716, 1297, 1416, 3314, 3383, 3431, 3676, 3739, 4324, 4333, 4446, 4524, 4795, 4998, 5085, 5438, 5565, 5746, 5753, 5928, 6119, 6199, 6270, 6544, 7093, 8213, 8266, 8289]	32	88	public	32	74
8120	8204	GILGFVFTL	TRBV7-9*01	TRBJ1-2*01	CASSLGTGLYGYTF	SEH.......NR	FQN....EAQ	P.KGSF	1	8121	[105, 460, 999, 1045, 1086, 1179, 1447, 1632, 1890, 1940, 2192, 2421, 2501, 2723, 3196, 4080, 4131, 4715, 5460, 5533, 5749, 6263, 6286, 6393, 6616, 6903, 7008, 7462, 7789, 8120, 8226, 8242]	32	234	public	32	75
7653	7731	NLVPMVATV	TRBV20-1*01	TRBJ2-3*01	CSARDSGAGTDTQYF	DFQ......ATT	SNEG...SKA	A.SLTL	1	7654	[104, 280, 375, 390, 720, 1270, 1926, 2207, 2366, 2411, 2643, 2809, 2844, 3011, 3204, 3302, 3344, 4221, 4550, 5118, 5465, 5586, 6508, 6669, 6774, 6959, 7106, 7582, 7589, 7647, 7653, 8035]	32	339	public	32	76
4005	4045	GLCTLVAML	TRBV7-9*01	TRBJ2-1*01	CASSLDGTGYNEQFF	SEH.......NR	FQN....EAQ	P.KGSF	1	4006	[350, 452, 832, 850, 870, 1939, 2029, 2613, 2825, 3630, 3835, 3862, 4005, 4235, 4362, 4364, 4546, 4607, 4789, 4883, 5084, 5100, 5361, 5454, 5888, 6031, 6942, 6966, 7588, 7855, 7982, 8395]	32	243	public	32	77
743	749	NLVPMVATV	TRBV10-3*01	TRBJ2-7*01	CAISESYEQYF	ENH.......RY	SYG....VKD	S.KTED	1	744	[45, 157, 270, 743, 787, 1009, 1121, 1137, 1427, 1508, 1610, 2177, 2533, 2946, 3421, 3759, 3796, 4205, 4353, 4608, 4884, 4895, 5414, 6096, 6198, 6275, 6420, 6799, 7303, 7629, 7923, 8360]	32	125	public	32	78
8373	8461	GILGFVFTL	TRBV29-1*01	TRBJ2-7*01	CSAEGGGSYEQYF	SQV.......TM	ANQG...SEA	P.NLTF	1	8374	[144, 408, 454, 603, 990, 1897, 2852, 2975, 3016, 3328, 3772, 3990, 4050, 4285, 4670, 4816, 5140, 5314, 5501, 5527, 5966, 6143, 6268, 6449, 6637, 6703, 6849, 7019, 7131, 7800, 8086, 8373]	32	312	public	32	79
6709	6780	NLVPMVATV	TRBV7-6*01	TRBJ1-1*01	CASSLGGGNTEAFF	SGH.......VS	FNY....EAQ	P.EGSI	1	6710	[456, 830, 1217, 1294, 1540, 1794, 1903, 1991, 2557, 2766, 3013, 3069, 3089, 3276, 3351, 3628, 3686, 3951, 3980, 4357, 4476, 4518, 5474, 5975, 6136, 6218, 6417, 6709, 6782, 6878, 7526, 8160]	32	202	public	32	80
7655	7733	YLQPRTFLL	TRBV12-3*01	TRBJ2-2*01	CAASDPNTGELFF	SGH.......NS	FNN....NVP	P.NASF	1	7656	[442, 903, 1157, 1237, 1292, 1295, 1579, 1703, 1828, 2128, 2368, 2509, 2866, 4583, 4669, 5421, 5611, 6172, 6433, 6514, 6846, 7439, 7655, 7720, 7808, 7853, 7937, 7994, 8068, 8133, 8241]	31	197	public	31	81
2786	2814	GILGFVFTL	TRBV18*01	TRBJ2-7*01	CASSPGTGYYEQYF	KGH.......SH	LQK....ENI	P.KEGP	1	2787	[438, 588, 805, 1208, 1335, 1561, 1570, 1898, 2012, 2757, 2786, 2931, 3745, 3868, 3959, 4107, 4255, 4510, 4894, 5067, 5195, 5272, 5426, 5464, 5894, 5932, 6435, 7250, 7579, 7726, 8287]	31	185	public	31	82
370	373	GILGFVFTL	TRBV18*01	TRBJ2-1*01	CASSPTGVGEQFF	KGH.......SH	LQK....ENI	P.KEGP	1	371	[64, 313, 370, 718, 1190, 1413, 1424, 1616, 1645, 2314, 2623, 2768, 2791, 3226, 3572, 3666, 3827, 4014, 5143, 5399, 5685, 5904, 5972, 6643, 6745, 6775, 7745, 7911, 7985, 8027, 8345]	31	183	public	31	83
8376	8464	GLCTLVAML	TRBV9*01	TRBJ2-2*01	CASSVGSNTGELFF	SGD.......LS	YYN....GEE	F.PDLH	1	8377	[155, 346, 418, 504, 1134, 1421, 1657, 1724, 1851, 2197, 2875, 3808, 3840, 3899, 4146, 4162, 4242, 4688, 4802, 4814, 4875, 5013, 5117, 5340, 5351, 6696, 7486, 7677, 7734, 7846, 8376]	31	135	public	31	84
7613	7691	NLVPMVATV	TRBV24-1*01	TRBJ2-1*01	CATSGTGDNEQFF	KGH.......DR	SFD....VKD	Q.AQAK	1	7614	[136, 932, 1249, 1365, 1407, 1735, 1951, 2016, 2465, 2919, 2933, 3711, 4170, 4406, 4714, 4748, 5041, 5477, 5596, 5631, 5869, 6110, 6308, 6509, 6626, 6764, 7136, 7437, 7613, 7915, 8356]	31	112	public	31	85
2019	2039	GLCTLVAML	TRBV20-1*01	TRBJ1-5*01	CSASGYSNQPQHF	DFQ......ATT	SNEG...SKA	A.SLTL	1	2020	[149, 282, 338, 703, 874, 1504, 1767, 2019, 2534, 2932, 2985, 3003, 3060, 3427, 4073, 4217, 4302, 4394, 4970, 5083, 5330, 5411, 5482, 5519, 5913, 6925, 7326, 7530, 7551, 7609, 8380]	31	341	public	31	86
1373	1387	NLVPMVATV	TRBV4-1*01	TRBJ2-1*01	CASSQGRGEQFF	MGH.......RA	YSY....EKL	P.NSSL	1	1374	[99, 534, 554, 616, 1221, 1373, 1857, 1974, 2693, 2901, 3034, 3323, 3584, 3780, 3969, 4142, 4343, 4420, 4450, 5005, 5175, 5895, 6306, 6312, 6411, 6554, 6592, 6970, 7753, 7928, 7935]	31	264	public	31	87
5157	5207	NLVPMVATV	TRBV20-1*01	TRBJ2-7*01	CSARDGLAGHYEQYF	DFQ......ATT	SNEG...SKA	A.SLTL	1	5158	[127, 164, 260, 389, 658, 1458, 1888, 1902, 2041, 2540, 2690, 2700, 3022, 3467, 3547, 3605, 3932, 4101, 4223, 4404, 4602, 4956, 5157, 5374, 5584, 5725, 6019, 6505, 6725, 7491, 7627]	31	327	public	31	88
1418	1432	NLVPMVATV	TRBV20-1*01	TRBJ2-2*01	CSARQGDTGELFF	DFQ......ATT	SNEG...SKA	A.SLTL	1	1419	[35, 531, 1418, 1678, 1797, 2277, 2434, 2597, 2842, 3310, 3668, 3692, 4084, 4118, 4228, 4359, 4474, 4716, 4753, 4857, 5178, 5262, 5263, 5291, 5920, 5923, 5953, 5962, 7413, 7897, 8172]	31	322	public	31	89
2130	2150	GILGFVFTL	TRBV29-1*01	TRBJ1-4*01	CSVGSGGTNEKLFF	SQV.......TM	ANQG...SEA	P.NLTF	1	2131	[85, 384, 1107, 1152, 1422, 1500, 1555, 1765, 1846, 1907, 2130, 2940, 3159, 3300, 3327, 3936, 4135, 4183, 4367, 4560, 4694, 5183, 5269, 5711, 6023, 6380, 7062, 7163, 7611, 7700, 8346]	31	316	public	31	90
1752	1770	NLVPMVATV	TRBV6-5*01	TRBJ2-7*01	CASSYSNEQYF	MNH.......EY	SVG....AGI	S.TTED	1	1753	[679, 897, 942, 1053, 1342, 1456, 1707, 1736, 1752, 1927, 2793, 2815, 2817, 2837, 3372, 3498, 4517, 4763, 4810, 5053, 5756, 5858, 5970, 6663, 6666, 6904, 6936, 7822, 7825, 8264]	30	64	public	30	91
547	551	NLVPMVATV	TRBV15*01	TRBJ2-7*01	CATSRDPGGAYEQYF	LNH.......NV	YYD....KDF	P.NTSF	1	548	[41, 132, 218, 547, 1057, 1211, 1420, 1667, 1985, 2097, 2106, 2166, 2167, 2296, 2639, 2972, 3365, 4066, 4307, 4458, 4562, 4680, 4682, 5012, 5380, 5437, 6671, 8129, 8165, 8222]	30	304	public	30	92
3545	3578	YLQPRTFLL	TRBV7-9*01	TRBJ1-1*01	CASSPDIEAFF	SEH.......NR	FQN....EAQ	P.KGSF	1	3546	[535, 632, 807, 958, 986, 987, 1196, 1756, 1840, 2093, 2316, 2468, 2665, 3167, 3287, 3545, 3669, 3997, 4888, 4933, 4976, 5616, 5759, 6062, 6736, 7194, 7395, 7421, 8127, 8316]	30	238	public	30	93
2068	2088	NLVPMVATV	TRBV20-1*01	TRBJ2-1*01	CSGRGSGDNEQFF	DFQ......ATT	SNEG...SKA	A.SLTL	1	2069	[36, 156, 160, 267, 380, 1409, 1532, 1625, 2068, 2325, 2649, 3316, 4025, 4259, 4311, 4838, 4936, 4950, 5034, 6285, 6297, 6327, 6581, 6677, 7103, 7184, 7832, 7888, 7889, 8033]	30	336	public	30	94
5522	5577	NLVPMVATV	TRBV27*01	TRBJ2-2*01	CASSPGTGHTGELFF	MNH.......EY	SMN....VEV	K.EKRN	1	5523	[414, 673, 826, 1275, 1358, 1385, 2404, 2432, 2592, 2873, 3520, 3718, 3838, 3947, 4003, 5250, 5253, 5401, 5522, 5691, 6004, 6612, 6920, 6991, 7119, 7285, 7408, 7997, 8002, 8233]	30	29	public	30	95
3454	3487	GILGFVFTL	TRBV6-5*01	TRBJ2-1*01	CASSYSGDYNEQFF	MNH.......EY	SVG....AGI	S.TTED	1	3455	[47, 63, 665, 694, 949, 1039, 1265, 1588, 1997, 2000, 2007, 2172, 3454, 3458, 4161, 4580, 4755, 4968, 5373, 5960, 6397, 6998, 7075, 7076, 7134, 7381, 7669, 7757, 7792, 8305]	30	67	public	30	96
3348	3381	GILGFVFTL	TRBV12-5*01	TRBJ2-7*01	CASGLGGESYEQYF	LGH.......NT	FRN....RAP	P.DATL	1	3349	[186, 364, 391, 537, 769, 1077, 1191, 1383, 1552, 2512, 2593, 2629, 2936, 3048, 3348, 3362, 3496, 3930, 4686, 4737, 4747, 5302, 5804, 5995, 6600, 6673, 7156, 7376, 7601, 8369]	30	275	public	30	97
2594	2616	GILGFVFTL	TRBV12-3*01	TRBJ2-3*01	CASSLALAGTDTQYF	SGH.......NS	FNN....NVP	P.NASF	1	2595	[27, 347, 723, 753, 1144, 1526, 1609, 1757, 2149, 2208, 2273, 2430, 2500, 2594, 2604, 2675, 4212, 4807, 4969, 5201, 5381, 5582, 5841, 6915, 7246, 7390, 7751, 7775, 8075, 8314]	30	279	public	30	98
3350	3383	NLVPMVATV	TRBV27*01	TRBJ1-2*01	CASSLPGGYGYTF	MNH.......EY	SMN....VEV	K.EKRN	1	3351	[319, 340, 524, 1099, 1541, 1750, 1883, 1911, 2198, 2535, 2821, 3104, 3350, 3567, 3576, 3901, 4040, 4437, 5015, 5386, 5537, 5758, 5848, 6035, 6151, 6668, 7223, 7569, 7908, 8151]	30	33	public	30	99
6209	6272	NLVPMVATV	TRBV27*01	TRBJ2-5*01	CASSLSWGQETQYF	MNH.......EY	SMN....VEV	K.EKRN	1	6210	[19, 885, 1181, 1276, 1492, 1597, 2006, 2030, 2252, 2271, 3643, 3744, 4175, 4277, 4536, 4624, 4720, 5293, 5488, 5844, 5999, 6209, 6487, 7309, 7851, 7978, 8182, 8325, 8330]	29	37	public	29	100
7778	7858	NLVPMVATV	TRBV7-6*01	TRBJ2-1*01	CASSLAGPNNEQFF	SGH.......VS	FNY....EAQ	P.EGSI	1	7779	[82, 114, 249, 607, 929, 1343, 1403, 1834, 1917, 1938, 2117, 2461, 2764, 3366, 3705, 3852, 4070, 4470, 4499, 4959, 5469, 6610, 6794, 7020, 7237, 7302, 7736, 7764, 7778]	29	221	public	29	101
1721	1739	YLQPRTFLL	TRBV2*01	TRBJ2-2*01	CASSDLNTGELFF	SNH.......LY	FYN....NEI	P.DGSN	1	1722	[320, 621, 733, 863, 966, 1602, 1721, 1964, 2156, 2712, 2977, 3206, 3227, 3425, 3860, 3891, 3916, 4156, 4508, 5520, 6236, 6246, 6304, 6733, 6972, 6990, 7195, 7816, 7840]	29	298	public	29	102
1202	1213	NLVPMVATV	TRBV5-6*01	TRBJ2-1*01	CASSLGNEQFF	SGH.......DT	YYE....EEE	F.PNYS	1	1203	[54, 251, 630, 657, 685, 1001, 1202, 1374, 1466, 1488, 1729, 2067, 2204, 2663, 2715, 2951, 2982, 3291, 3502, 5379, 5748, 5942, 6510, 6571, 6765, 7595, 7819, 8144, 8185]	29	163	public	29	103
4051	4092	GILGFVFTL	TRBV7-2*01	TRBJ2-1*01	CASSSSGGEYNEQFF	SGH.......TA	FQG....NSA	T.GGSV	1	4052	[166, 175, 190, 246, 376, 611, 695, 701, 819, 1163, 1606, 1847, 2141, 2352, 2353, 2373, 2605, 2880, 2922, 2970, 3523, 4051, 4199, 5944, 6007, 7193, 7506, 7634, 8211]	29	180	public	29	104
2376	2396	NLVPMVATV	TRBV12-3*01	TRBJ2-1*01	CASSLAGAYNEQFF	SGH.......NS	FNN....NVP	P.NASF	1	2377	[25, 314, 750, 888, 971, 1718, 1782, 2004, 2136, 2293, 2376, 2920, 3453, 3548, 3659, 4425, 4911, 5199, 5266, 5528, 5712, 6098, 6165, 6266, 6293, 6778, 6984, 7122, 7412]	29	276	public	29	105
4010	4050	NLVPMVATV	TRBV5-6*01	TRBJ2-2*01	CASSLGENTGELFF	SGH.......DT	YYE....EEE	F.PNYS	1	4011	[256, 424, 755, 893, 1213, 2115, 2120, 2241, 2290, 2398, 3038, 3052, 3100, 3195, 3306, 4010, 4473, 4653, 4920, 5205, 5372, 5931, 6129, 6351, 6704, 6924, 7115, 7643, 7664]	29	198	public	29	106
6825	6897	GILGFVFTL	TRBV4-2*01	TRBJ2-1*01	CASSQERGGYNEQFF	LGH.......NA	YNF....KEQ	P.NSSH	1	6826	[693, 732, 1278, 1308, 1808, 1966, 2161, 2451, 2489, 2727, 2882, 3217, 3352, 3373, 3982, 4286, 4288, 4341, 4681, 5002, 6583, 6627, 6825, 7079, 7467, 7806, 7969, 7983, 8072]	29	253	public	29	107
2045	2065	NLVPMVATV	TRBV7-3*01	TRBJ2-3*01	CASSLRGGGDTQYF	SGH.......TA	FQG....TGA	P.EGSV	1	2046	[6, 1244, 1856, 2045, 2282, 2484, 2599, 2833, 3299, 3325, 3575, 3989, 3992, 4229, 4511, 4808, 4842, 5021, 5321, 5843, 6047, 6154, 6234, 6259, 6640, 6883, 7416, 7619, 7844]	29	173	public	29	108
1887	1906	NLVPMVATV	TRBV7-9*01	TRBJ2-5*01	CASSLTGQETQYF	SEH.......NR	FQN....EAQ	P.KGSF	1	1888	[437, 555, 651, 1070, 1200, 1227, 1642, 1887, 1910, 2834, 3210, 3849, 4037, 4137, 4263, 5071, 5191, 5204, 5354, 5366, 5609, 5832, 6002, 6539, 6631, 7160, 7995, 8365]	28	226	public	28	109
7528	7605	NLVPMVATV	TRBV12-3*01	TRBJ2-5*01	CASSFGVGETQYF	SGH.......NS	FNN....NVP	P.NASF	1	7529	[363, 527, 783, 814, 894, 996, 1273, 1518, 2132, 2345, 2348, 2395, 2750, 3667, 3798, 3883, 3908, 3963, 4736, 5027, 5287, 6063, 6088, 6105, 6302, 6317, 7021, 7528]	28	280	public	28	110
3234	3267	GILGFVFTL	TRBV4-1*01	TRBJ2-5*01	CASSQDPGGQETQYF	MGH.......RA	YSY....EKL	P.NSSL	1	3235	[179, 386, 521, 1050, 1199, 1411, 2096, 2736, 3006, 3234, 4272, 4421, 4644, 5105, 5198, 5206, 5484, 5782, 5865, 6064, 6280, 6870, 6963, 7256, 7414, 7638, 8135, 8283]	28	272	public	28	111
5339	5392	GILGFVFTL	TRBV20-1*01	TRBJ1-2*01	CSARDRDYGYTF	DFQ......ATT	SNEG...SKA	A.SLTL	1	5340	[68, 118, 194, 407, 515, 913, 1169, 1235, 1770, 1805, 1826, 2076, 2392, 2445, 3480, 4077, 4173, 4430, 4595, 4638, 5032, 5339, 6008, 6742, 7033, 8012, 8189, 8199]	28	347	public	28	112
5994	6055	NLVPMVATV	TRBV6-1*01	TRBJ2-1*01	CASSELAGSYNEQFF	MNH.......NS	SAS....EGT	L.NKRE	1	5995	[0, 775, 1100, 1574, 1741, 2153, 2253, 2327, 2399, 2462, 2496, 2845, 2858, 3044, 3209, 3528, 3898, 4352, 5395, 5466, 5775, 5994, 6389, 6506, 6565, 6842, 7167, 7496]	28	46	public	28	113
6866	6939	GLCTLVAML	TRBV11-2*01	TRBJ2-3*01	CASSLEGGTDTQYF	SGH.......AT	FQN....NGV	L.KGVD	1	6867	[332, 1232, 1673, 1726, 1742, 2446, 2654, 2724, 3046, 4078, 4132, 4222, 4710, 5448, 5742, 5874, 5911, 6115, 6144, 6442, 6866, 6887, 6922, 7032, 7286, 7495, 7955]	27	190	public	27	114
2808	2836	NLVPMVATV	TRBV7-6*01	TRBJ1-4*01	CANSLAPGATNEKLFF	SGH.......VS	FNY....EAQ	P.EGSI	1	2809	[110, 304, 349, 539, 858, 1049, 1136, 1426, 2808, 2999, 3198, 3478, 4587, 4775, 4935, 5102, 5818, 5850, 6644, 6884, 7144, 7296, 7331, 7641, 7661, 7796, 7964]	27	209	public	27	115
4897	4943	GILGFVFTL	TRBV27*01	TRBJ2-3*01	CASSLFGGTDTQYF	MNH.......EY	SMN....VEV	K.EKRN	1	4898	[821, 1118, 1340, 1892, 1915, 2242, 2262, 2308, 2319, 2431, 2751, 4065, 4440, 4837, 4897, 5147, 5526, 5919, 6077, 6326, 6881, 6981, 7003, 7077, 7288, 7787, 7802]	27	38	public	27	116
6886	6959	GILGFVFTL	TRBV30*01	TRBJ1-2*01	CAWSVGGGGYGYTF	GTS......NPN	SVG.....IG	P.QDRQ	1	6887	[139, 1800, 1986, 2031, 3375, 3398, 3499, 3504, 3649, 3765, 3877, 4083, 4469, 4491, 4494, 4692, 4851, 5280, 5360, 5698, 6886, 7543, 7554, 7892, 8111, 8232, 8237]	27	79	public	27	117
3919	3957	NLVPMVATV	TRBV5-6*01	TRBJ2-3*01	CASSLAGQGATDTQYF	SGH.......DT	YYE....EEE	F.PNYS	1	3920	[394, 497, 795, 1243, 2184, 2365, 3169, 3240, 3595, 3613, 3733, 3919, 4284, 4456, 4741, 5043, 5224, 5949, 5958, 6024, 6313, 6333, 6364, 6628, 8103, 8284]	26	152	public	26	118
5114	5164	NLVPMVATV	TRBV5-1*01	TRBJ2-1*01	CASSLEASGSSYNEQFF	SGH.......RS	YFS....ETQ	F.SNSR	1	5115	[215, 325, 333, 604, 839, 1626, 2140, 2609, 2679, 2780, 3566, 3665, 3832, 3965, 4577, 4616, 4783, 4914, 5114, 5722, 5790, 6368, 7208, 7691, 8147]	25	145	public	25	119
6075	6136	GILGFVFTL	TRBV28*01	TRBJ2-1*01	CASSFLGANEQFF	MDH.......EN	SYD....VKM	E.KKER	1	6076	[128, 302, 1178, 1236, 1246, 1280, 1516, 1623, 2453, 3092, 3654, 4220, 4803, 4944, 5160, 5489, 5546, 5587, 5808, 6075, 6382, 6406, 6889, 7041, 7094]	25	94	public	25	120
1044	1052	NLVPMVATV	TRBV4-1*01	TRBJ1-2*01	CASSQVGQAIYGYTF	MGH.......RA	YSY....EKL	P.NSSL	1	1045	[241, 401, 488, 972, 1044, 1231, 1271, 1778, 2014, 2502, 2670, 2848, 3518, 3830, 6014, 6507, 6611, 6679, 6789, 6860, 7247, 7403, 7498, 8132, 8235]	25	262	public	25	121
2733	2758	YLQPRTFLL	TRBV7-8*01	TRBJ2-2*01	CARGDQNTGELFF	SGH.......VS	FQN....EAQ	P.EGSV	1	2734	[70, 760, 786, 1161, 1728, 1970, 2100, 2158, 2647, 2733, 2747, 3719, 4552, 4635, 5921, 6350, 6805, 7153, 7274, 7333, 8004, 8166, 8181, 8294, 8333]	25	196	public	25	122
2471	2492	GILGFVFTL	TRBV7-2*01	TRBJ2-2*01	CASSFTGPGELFF	SGH.......TA	FQG....NSA	T.GGSV	1	2472	[247, 1660, 1675, 1947, 2095, 2225, 2230, 2385, 2471, 2904, 3177, 3472, 4314, 4705, 5197, 5357, 5408, 6242, 6258, 6365, 7045, 7811, 8073, 8196, 8324]	25	177	public	25	123
4609	4653	NLVPMVATV	TRBV6-5*01	TRBJ1-1*01	CASSYFGGNTEAFF	MNH.......EY	SVG....AGI	S.TTED	1	4610	[52, 293, 1025, 1047, 1133, 1175, 1230, 1277, 2026, 3019, 3952, 4609, 5258, 6087, 6137, 6483, 6734, 7188, 7265, 7461, 7686, 8030, 8109, 8293, 8304]	25	63	public	25	124
6927	7000	NLVPMVATV	TRBV6-5*01	TRBJ1-2*01	CASSYGQGLYGYTF	MNH.......EY	SVG....AGI	S.TTED	1	6928	[97, 464, 596, 916, 1080, 1241, 1712, 1722, 1873, 2060, 2286, 2626, 2874, 3488, 3598, 4619, 4677, 5243, 5684, 5780, 6034, 6520, 6630, 6927, 7750]	25	58	public	25	125
137	138	GLCTLVAML	TRBV29-1*01	TRBJ2-2*01	CSVDGTNTGELFF	SQV.......TM	ANQG...SEA	P.NLTF	1	138	[106, 137, 928, 1605, 1753, 1790, 1843, 2433, 2572, 2772, 3319, 3446, 3687, 4227, 4752, 5292, 5762, 7017, 7111, 7200, 7219, 7257, 7356, 7417, 8322]	25	317	public	25	126
3035	3065	GLCTLVAML	TRBV20-1*01	TRBJ1-2*01	CGARDGTGNGYTF	DFQ......ATT	SNEG...SKA	A.SLTL	1	3036	[415, 542, 734, 940, 1096, 1172, 1716, 1868, 2329, 3035, 3214, 3273, 3339, 4200, 4280, 4433, 4675, 5451, 5493, 5577, 5643, 5648, 5757, 6100, 8113]	25	346	public	25	127
1048	1056	GILGFVFTL	TRBV14*01	TRBJ2-1*01	CASSQVGTGYNEQFF	SGH.......DN	FVK....ESK	T.GGTY	1	1049	[140, 274, 281, 1048, 1207, 1267, 1955, 2040, 2075, 2516, 3020, 3551, 3791, 4379, 4574, 4576, 4589, 4989, 5098, 6946, 7504, 7565, 7572, 8392]	24	166	public	24	128
1168	1178	NLVPMVATV	TRBV5-6*01	TRBJ1-2*01	CASSLGDTWYGYTF	SGH.......DT	YYE....EEE	F.PNYS	1	1169	[336, 345, 489, 857, 924, 1168, 1878, 2288, 2488, 4115, 4449, 5110, 5478, 5731, 6130, 6373, 6527, 6582, 7307, 7382, 7659, 7667, 7744, 8394]	24	156	public	24	129
937	943	NLVPMVATV	TRBV28*01	TRBJ2-1*01	CASSLWRGSYNEQFF	MDH.......EN	SYD....VKM	E.KKER	1	938	[244, 373, 937, 985, 1319, 1979, 2069, 2455, 2661, 2813, 3418, 3723, 3782, 4028, 4182, 4264, 5107, 5420, 5422, 6006, 6232, 6471, 6496, 7547]	24	90	public	24	130
69	70	NLVPMVATV	TRBV7-9*01	TRBJ2-2*01	CASSSGSKQNTGELFF	SEH.......NR	FQN....EAQ	P.KGSF	1	70	[69, 500, 639, 952, 980, 1392, 1702, 1743, 1957, 2214, 2232, 2662, 2771, 4323, 4599, 4981, 5295, 5416, 5507, 6686, 7091, 7099, 7368, 8150]	24	214	public	24	131
1505	1519	GLCTLVAML	TRBV7-2*01	TRBJ2-3*01	CASSYTGGTTDTQYF	SGH.......TA	FQG....NSA	T.GGSV	1	1506	[153, 486, 625, 1505, 2215, 2281, 2607, 3358, 3748, 3986, 4690, 5149, 5257, 5397, 5552, 5592, 5675, 5695, 6099, 6184, 6553, 6566, 7238, 8201]	24	174	public	24	132
1348	1361	NLVPMVATV	TRBV9*01	TRBJ2-1*01	CASSVDGSSYNEQFF	SGD.......LS	YYN....GEE	F.PDLH	1	1349	[737, 1106, 1348, 1969, 2391, 2492, 2872, 2887, 3144, 3387, 4584, 4848, 5007, 5131, 5279, 5391, 5672, 5955, 6292, 6570, 6781, 6989, 7059, 8261]	24	132	public	24	133
7533	7610	GLCTLVAML	TRBV4-1*01	TRBJ1-1*01	CASSQKTGKNTEAFF	MGH.......RA	YSY....EKL	P.NSSL	1	7534	[606, 1431, 1444, 2755, 4603, 4661, 4787, 5833, 5855, 5864, 5952, 5974, 6041, 6222, 6349, 6690, 6790, 7189, 7533, 7591, 7975, 8118, 8193, 8255]	24	263	public	24	134
4673	4719	NLVPMVATV	TRBV6-5*01	TRBJ1-1*01	CASSYSEGTEAFF	MNH.......EY	SVG....AGI	S.TTED	1	4674	[126, 250, 1398, 1483, 1696, 1923, 2583, 2939, 3691, 4296, 4385, 4673, 4850, 4925, 5125, 5156, 5475, 5483, 5781, 7064, 7240, 7468, 7592, 7989]	24	62	public	24	135
594	598	NLVPMVATV	TRBV2*01	TRBJ2-3*01	CASSEGSTDTQYF	SNH.......LY	FYN....NEI	P.DGSN	1	595	[58, 306, 594, 1075, 1419, 1440, 1510, 2102, 2151, 2435, 3690, 4225, 4409, 4422, 4701, 5090, 5392, 5410, 5961, 6081, 6632, 7701, 7711, 8260]	24	289	public	24	136
2976	3006	NLVPMVATV	TRBV15*01	TRBJ2-7*01	CATSRGQGYEQYF	LNH.......NV	YYD....KDF	P.NTSF	1	2977	[800, 1498, 2426, 2515, 2527, 2976, 3010, 3429, 3475, 3486, 3766, 3931, 4408, 4481, 4563, 4877, 5308, 5572, 5618, 5842, 6386, 7031, 7150, 7443]	24	307	public	24	137
4986	5034	GILGFVFTL	TRBV6-5*01	TRBJ2-2*01	CASSYGQGTGELFF	MNH.......EY	SVG....AGI	S.TTED	1	4987	[182, 239, 485, 2131, 2612, 2914, 3158, 3407, 4089, 4096, 4451, 4750, 4986, 5562, 5836, 5917, 5977, 6055, 6394, 6517, 6874, 6899, 8192]	23	77	public	23	138
5212	5262	GLCTLVAML	TRBV6-4*01	TRBJ2-1*01	CASSPWTGHNEQFF	MRH.......NA	SNT....AGT	A.NTDD	1	5213	[34, 253, 852, 892, 1354, 1633, 1661, 1701, 2627, 3219, 3846, 3902, 4038, 4553, 4951, 5026, 5212, 5439, 6367, 6513, 7465, 7823, 8329]	23	74	public	23	139
5835	5896	GLCTLVAML	TRBV4-3*01	TRBJ2-1*01	CASSQDGGNEQFF	LGH.......NA	YSL....EER	P.NSSH	1	5836	[620, 1239, 1274, 2591, 2595, 2673, 2853, 3216, 3281, 4031, 4151, 4168, 4197, 4672, 5275, 5647, 5835, 6982, 7299, 7466, 7790, 7879, 7883]	23	258	public	23	140
3537	3570	NLVPMVATV	TRBV4-1*01	TRBJ1-5*01	CVSSQEEGPGNQPQHF	MGH.......RA	YSY....EKL	P.NSSL	1	3538	[656, 1293, 1825, 2298, 2364, 2375, 2472, 3537, 3543, 4033, 4224, 4604, 4605, 4957, 5040, 5349, 6260, 6311, 6500, 6755, 7803, 7996, 8363]	23	269	public	23	141
429	432	NLVPMVATV	TRBV4-3*01	TRBJ2-1*01	CASSQDAGSSYNEQFF	LGH.......NA	YSL....EER	P.NSSH	1	430	[184, 402, 429, 434, 526, 860, 1212, 1517, 2001, 2372, 2645, 3267, 3608, 4190, 4226, 4299, 4509, 6204, 7174, 7290, 7558, 8011, 8122]	23	255	public	23	142
4739	4785	NLVPMVATV	TRBV24-1*01	TRBJ2-1*01	CATSDGQGGYNEQFF	KGH.......DR	SFD....VKD	Q.AQAK	1	4740	[425, 1021, 1067, 1108, 1396, 1443, 1658, 2292, 3067, 4358, 4739, 5036, 5045, 5834, 6369, 6599, 7125, 7263, 7316, 7672, 7769, 7854, 8391]	23	114	public	23	143
772	778	NLVPMVATV	TRBV20-1*01	TRBJ2-3*01	CSAPSGTSTDTQYF	DFQ......ATT	SNEG...SKA	A.SLTL	1	773	[62, 543, 637, 772, 943, 1103, 2657, 2937, 3145, 3189, 3767, 4193, 4696, 4699, 5831, 5976, 6049, 6785, 7015, 7709, 8170, 8286]	22	338	public	22	144
3331	3364	NLVPMVATV	TRBV7-2*01	TRBJ2-7*01	CASSPAGGTYEQYF	SGH.......TA	FQG....NSA	T.GGSV	1	3332	[98, 849, 1852, 2195, 2442, 2524, 2758, 3042, 3253, 3331, 3482, 3857, 4158, 4257, 4729, 5705, 5789, 5878, 6163, 7107, 7674, 8340]	22	181	public	22	145
2601	2623	NLVPMVATV	TRBV2*01	TRBJ2-7*01	CASSRQGDEQYF	SNH.......LY	FYN....NEI	P.DGSN	1	2602	[150, 416, 601, 638, 843, 1733, 1928, 2454, 2601, 2969, 3376, 3653, 3824, 3831, 4249, 5264, 6220, 6820, 6885, 7279, 7587, 7604]	22	290	public	22	146
666	671	GLCTLVAML	TRBV18*01	TRBJ2-3*01	CASSPLMGDTQYF	KGH.......SH	LQK....ENI	P.KEGP	1	667	[357, 666, 1229, 1395, 2059, 2799, 2861, 4043, 4796, 5046, 6053, 6122, 6249, 6451, 6634, 6692, 6773, 7124, 7186, 7191, 7521, 8143]	22	182	public	22	147
2707	2730	NLVPMVATV	TRBV20-1*01	TRBJ1-6*01	CSARDLAGWNSPLHF	DFQ......ATT	SNEG...SKA	A.SLTL	1	2708	[121, 187, 968, 1076, 2397, 2707, 3108, 3150, 3202, 3232, 3279, 3492, 3806, 4658, 4760, 5054, 5134, 5363, 6065, 7872, 7917, 7941]	22	342	public	22	148
8244	8329	NLVPMVATV	TRBV10-2*01	TRBJ2-7*01	CASSDAGSYEQYF	WSH.......SY	SAA....ADI	S.KTEN	1	8245	[595, 1286, 1364, 1415, 1476, 1821, 2043, 2257, 2741, 2826, 2850, 4505, 4960, 5313, 6074, 6452, 6479, 6534, 7516, 7761, 7895, 8244]	22	129	public	22	149
6168	6230	NLVPMVATV	TRBV6-2*01	TRBJ2-3*01	CASSYSDTDTQYF	MNH.......EY	SVG....EGT	L.KKQN	1	6169	[1132, 1433, 1557, 1745, 2052, 2538, 3307, 3758, 4139, 4415, 4929, 5234, 5342, 5382, 5770, 6168, 6822, 7235, 7251, 7575, 7959, 8344]	22	52	public	22	150
484	487	NLVPMVATV	TRBV28*01	TRBJ1-1*01	CASSFQGFTEAFF	MDH.......EN	SYD....VKM	E.KKER	1	485	[283, 484, 1583, 1584, 1895, 1896, 1990, 2183, 2469, 3640, 3856, 4290, 4617, 4770, 4870, 5130, 5447, 6106, 6894, 7081, 7215, 7731]	22	97	public	22	151
3771	3807	YLQPRTFLL	TRBV19*01	TRBJ2-2*01	CASSIIGGGNTGELFF	LNH.......DA	SQI....VND	E.KKES	1	3772	[301, 528, 579, 890, 1145, 1998, 2668, 2716, 3018, 3077, 3426, 3443, 3648, 3771, 3778, 3855, 4192, 5440, 5559, 6418, 7670, 7680]	22	25	public	22	152
6226	6289	NLVPMVATV	TRBV5-6*01	TRBJ1-1*01	CASSLGTEAFF	SGH.......DT	YYE....EEE	F.PNYS	1	6227	[813, 1406, 1684, 2193, 2381, 2555, 2637, 2651, 3834, 3994, 4428, 4457, 4466, 4945, 5103, 5443, 6226, 6923, 7266, 7678, 8148, 8174]	22	157	public	22	153
3805	3842	NLVPMVATV	TRBV12-3*01	TRBJ1-2*01	CVSSSAYYGYTF	SGH.......NS	FNN....NVP	P.NASF	1	3806	[101, 474, 661, 1215, 1391, 2164, 3023, 3082, 3094, 3408, 3442, 3805, 3807, 4744, 5092, 5388, 5737, 6202, 7426, 7570, 8253]	21	283	public	21	154
3562	3595	NLVPMVATV	TRBV15*01	TRBJ1-5*01	CATSSSWDLNQPQHF	LNH.......NV	YYD....KDF	P.NTSF	1	3563	[663, 1263, 2378, 3188, 3378, 3562, 3880, 3915, 4434, 6194, 6445, 6494, 6676, 7271, 7710, 7988, 8005, 8137, 8219, 8223, 8272]	21	308	public	21	155
1700	1718	NLVPMVATV	TRBV6-2*01	TRBJ2-1*01	CASSYGGNEQFF	MNH.......EY	SVG....EGT	L.KKQN	1	1701	[901, 1204, 1563, 1692, 1700, 2794, 2984, 3689, 3851, 4238, 4305, 4780, 5772, 5880, 5926, 6012, 6664, 6812, 7938, 8297, 8386]	21	51	public	21	156
5513	5568	NLVPMVATV	TRBV25-1*01	TRBJ2-1*01	CASSEWGTGGNEQFF	MGH.......DK	SYG....VNS	I.RTEH	1	5514	[29, 324, 678, 700, 992, 1283, 1300, 1621, 1666, 2403, 3252, 3289, 5137, 5296, 5513, 5863, 6320, 6720, 6800, 7640, 8154]	21	119	public	21	157
5219	5269	NLVPMVATV	TRBV7-2*01	TRBJ2-5*01	CDSSQTQLWETQYF	SGH.......TA	FQG....NSA	T.GGSV	1	5220	[243, 1079, 1627, 2084, 2379, 2618, 3080, 3410, 4067, 5219, 5270, 5551, 5617, 5622, 5933, 6318, 6594, 6933, 7138, 7617, 7925]	21	172	public	21	158
6186	6249	NLVPMVATV	TRBV5-4*01	TRBJ2-1*01	CASSFRGSYNEQFF	SGH.......NT	YYR....EEE	F.PNYS	1	6187	[600, 1361, 1663, 2046, 2423, 3073, 3637, 3638, 3937, 4012, 4566, 4571, 5668, 5900, 5907, 6186, 6672, 6784, 6892, 8087, 8296]	21	155	public	21	159
2855	2883	NLVPMVATV	TRBV6-1*01	TRBJ1-2*01	CASSDGTGYGYTF	MNH.......NS	SAS....EGT	L.NKRE	1	2856	[423, 1950, 2342, 2383, 2483, 2619, 2823, 2855, 3125, 3164, 3380, 3604, 4322, 4551, 4668, 5838, 6480, 6511, 7406, 7704, 7945]	21	45	public	21	160
6738	6809	NLVPMVATV	TRBV27*01	TRBJ2-2*01	CASSLDRVTGELFF	MNH.......EY	SMN....VEV	K.EKRN	1	6739	[2186, 2625, 3324, 3544, 3735, 3829, 3911, 3958, 5008, 5171, 5356, 6684, 6738, 6746, 7487, 7708, 7886, 7926, 7987, 8081, 8157]	21	28	public	21	161
7633	7711	GLCTLVAML	TRBV7-8*01	TRBJ1-5*01	CASSLLGSNQPQHF	SGH.......VS	FQN....EAQ	P.EGSV	1	7634	[170, 235, 2139, 3594, 3763, 4045, 4559, 4711, 4721, 5108, 5214, 5787, 6003, 6046, 7118, 7394, 7633, 7657, 7688, 7782, 8245]	21	233	public	21	162
1537	1551	GILGFVFTL	TRBV7-8*01	TRBJ1-2*01	CASSLAGNYGYTF	SGH.......VS	FQN....EAQ	P.EGSV	1	1538	[168, 1031, 1537, 1686, 1781, 1867, 1967, 2318, 2321, 2910, 3072, 4075, 4654, 4822, 4953, 6460, 6545, 7224, 7452, 7899, 8099]	21	237	public	21	163
1894	1914	NLVPMVATV	TRBV7-9*01	TRBJ2-6*01	CASSRSSGANVLTF	SEH.......NR	FQN....EAQ	P.KGSF	1	1895	[148, 931, 1052, 1254, 1474, 1894, 1994, 2470, 2854, 3505, 4026, 4626, 4689, 5632, 5786, 5794, 6453, 6769, 7375, 7863, 8100]	21	105	public	21	164
1921	1941	NLVPMVATV	TRBV6-1*01	TRBJ2-3*01	CASSEGQGADTQYF	MNH.......NS	SAS....EGT	L.NKRE	1	1922	[431, 1921, 2135, 2762, 2770, 2818, 3007, 3068, 4113, 4656, 5487, 5570, 5663, 5982, 6648, 6994, 7603, 7628, 7724, 8320]	20	47	public	20	165
2684	2706	NLVPMVATV	TRBV14*01	TRBJ1-2*01	CASSQVGHYGYTF	SGH.......DN	FVK....ESK	T.GGTY	1	2685	[326, 339, 1185, 1806, 2082, 2182, 2684, 3014, 3401, 4695, 4966, 5504, 7000, 7157, 7232, 7277, 7564, 7868, 7905, 8058]	20	169	public	20	166
1005	1013	GILGFVFTL	TRBV6-4*01	TRBJ2-3*01	CASSDSAGGTDTQYF	MRH.......NA	SNT....AGT	A.NTDD	1	1006	[432, 712, 1005, 1059, 1128, 1148, 1551, 1651, 2506, 2991, 3662, 3697, 3896, 4764, 5428, 6376, 7298, 7511, 7798, 7893]	20	73	public	20	167
7445	7522	NLVPMVATV	TRBV29-1*01	TRBJ2-2*01	CSGGTGELFF	SQV.......TM	ANQG...SEA	P.NLTF	1	7446	[180, 388, 523, 1083, 1681, 1755, 1802, 2028, 2351, 3163, 3612, 4445, 5597, 5610, 5802, 6415, 7346, 7445, 7754, 8197]	20	313	public	20	168
2005	2025	NLVPMVATV	TRBV7-9*01	TRBJ1-1*01	CASSSKEGNTEAFF	SEH.......NR	FQN....EAQ	P.KGSF	1	2006	[487, 804, 1463, 1654, 1924, 1959, 2005, 2103, 2994, 3239, 3395, 3921, 6564, 6713, 6761, 6798, 6980, 7555, 8037, 8332]	20	200	public	20	169
2322	2342	NLVPMVATV	TRBV7-6*01	TRBJ2-2*01	CASSLAGGGNTGELFF	SGH.......VS	FNY....EAQ	P.EGSI	1	2323	[605, 1150, 1534, 1761, 1995, 2152, 2322, 2738, 2829, 3026, 3391, 4646, 4743, 5095, 5284, 5544, 5837, 6091, 6523, 7621]	20	210	public	20	170
2907	2936	NLVPMVATV	TRBV9*01	TRBJ1-1*01	CASSPATGNTEAFF	SGD.......LS	YYN....GEE	F.PDLH	1	2908	[822, 1037, 1637, 1929, 1942, 2412, 2907, 2950, 3889, 4074, 4233, 4815, 4996, 5047, 5508, 5687, 5905, 6225, 8138, 8290]	20	137	public	20	171
5656	5713	NLVPMVATV	TRBV14*01	TRBJ2-7*01	CASSSDGYEQYF	SGH.......DN	FVK....ESK	T.GGTY	1	5657	[221, 224, 482, 510, 702, 898, 1141, 1575, 3434, 4196, 4419, 5540, 5656, 6653, 7143, 7152, 7259, 7904, 8187, 8366]	20	171	public	20	172
4522	4565	GLCTLVAML	TRBV7-3*01	TRBJ1-2*01	CASSPPGENYGYTF	SGH.......TA	FQG....TGA	P.EGSV	1	4523	[123, 627, 955, 1536, 1864, 2038, 2731, 2759, 3626, 3728, 4389, 4522, 4843, 5686, 5881, 6148, 6951, 7673, 7702, 8117]	20	235	public	20	173
1315	1326	NLVPMVATV	TRBV20-1*01	TRBJ2-7*01	CSARRLEQYF	DFQ......ATT	SNEG...SKA	A.SLTL	1	1316	[129, 582, 1155, 1315, 1535, 1791, 2110, 2511, 3793, 4414, 4773, 5223, 5664, 5847, 5853, 5983, 6499, 6557, 7537, 7850]	20	334	public	20	174
759	765	GILGFVFTL	TRBV6-5*01	TRBJ1-5*01	CASSTGSGNQPQHF	MNH.......EY	SVG....AGI	S.TTED	1	760	[558, 759, 935, 2071, 2190, 2671, 3660, 4030, 4373, 4948, 5247, 5435, 5612, 5784, 7105, 7494, 7939, 8104, 8106]	19	71	public	19	175
1885	1904	GILGFVFTL	TRBV3-1*01	TRBJ2-3*01	CASSQVLGGGDTQYF	LGH.......DT	YNN....KEL	P.DKAH	1	1886	[271, 458, 540, 900, 1130, 1589, 1885, 2596, 2740, 3224, 4366, 5634, 5635, 6512, 7128, 7229, 7347, 7578, 8057]	19	248	public	19	176
8216	8301	NLVPMVATV	TRBV10-3*01	TRBJ2-3*01	CAISGLAGVDTQYF	ENH.......RY	SYG....VKD	S.KTED	1	8217	[31, 740, 1301, 2047, 2359, 2980, 3093, 3259, 3340, 3533, 3768, 4086, 5854, 5899, 6158, 6203, 6273, 7458, 8216]	19	126	public	19	177
2284	2304	NLVPMVATV	TRBV6-1*01	TRBJ1-1*01	CASSDAENTEAFF	MNH.......NS	SAS....EGT	L.NKRE	1	2285	[730, 774, 1884, 2284, 2876, 2883, 3336, 3657, 3709, 3833, 4180, 5369, 6176, 6185, 6535, 6542, 6901, 7687, 8319]	19	43	public	19	178
4189	4230	GILGFVFTL	TRBV18*01	TRBJ1-1*01	CASSQTGLNTEAFF	KGH.......SH	LQK....ENI	P.KEGP	1	4190	[684, 1069, 1495, 1506, 1545, 1550, 1643, 1944, 2652, 4189, 4582, 5871, 5969, 6040, 6116, 6223, 6403, 6454, 7818]	19	187	public	19	179
1062	1072	NLVPMVATV	TRBV28*01	TRBJ2-3*01	CASSFSGTQYF	MDH.......EN	SYD....VKM	E.KKER	1	1063	[1062, 1298, 1640, 1807, 2384, 2622, 3190, 3448, 4060, 4141, 4978, 6633, 6651, 6826, 6964, 7322, 7459, 7898, 7973]	19	96	public	19	180
39	40	GILGFVFTL	TRBV24-1*01	TRBJ2-3*01	CATSDWLGGTDTQYF	KGH.......DR	SFD....VKD	Q.AQAK	1	40	[39, 303, 570, 706, 2582, 3091, 3248, 3368, 3702, 4130, 4155, 5276, 5517, 6482, 7042, 7072, 7086, 7608, 7721]	19	113	public	19	181
2542	2563	GILGFVFTL	TRBV30*01	TRBJ2-3*01	CAWSVLGSTDTQYF	GTS......NPN	SVG.....IG	P.QDRQ	1	2543	[74, 116, 1020, 1147, 1214, 1341, 1918, 2542, 2903, 3258, 3761, 3940, 5123, 5239, 5696, 6187, 6843, 8084, 8355]	19	80	public	19	182
7425	7502	NLVPMVATV	TRBV5-6*01	TRBJ2-5*01	CASSFSETQYF	SGH.......DT	YYE....EEE	F.PNYS	1	7426	[557, 686, 1324, 2304, 3229, 3441, 3674, 3872, 4127, 4940, 5176, 5689, 6245, 6502, 7055, 7419, 7425, 8134, 8152]	19	164	public	19	183
6018	6079	NLVPMVATV	TRBV27*01	TRBJ1-1*01	CASSLGRNTEAFF	MNH.......EY	SMN....VEV	K.EKRN	1	6019	[86, 417, 563, 635, 784, 864, 917, 1306, 1693, 2303, 3879, 4116, 4234, 5856, 6018, 6095, 6353, 7722, 8038]	19	30	public	19	184
1596	1611	YLQPRTFLL	TRBV15*01	TRBJ2-2*01	CATSNLNTGELFF	LNH.......NV	YYD....KDF	P.NTSF	1	1597	[480, 1321, 1496, 1596, 2478, 2719, 3396, 3424, 3609, 4304, 4650, 4854, 5525, 5739, 6416, 6658, 6969, 7294, 8053]	19	302	public	19	185
3114	3146	GLCTLVAML	TRBV14*01	TRBJ1-5*01	CASSQSPGGTQHF	SGH.......DN	FVK....ESK	T.GGTY	1	3115	[81, 599, 1367, 1525, 1543, 2116, 2729, 2739, 3114, 5096, 5398, 6381, 6444, 7201, 7323, 7503, 7571, 7715, 8039]	19	170	public	19	186
4326	4368	NLVPMVATV	TRBV7-2*01	TRBJ2-7*01	CASSLVYEQYF	SGH.......TA	FQG....NSA	T.GGSV	1	4327	[649, 994, 1111, 1480, 1565, 3041, 4076, 4326, 4557, 4578, 4727, 5350, 5450, 5534, 6139, 6208, 6265, 7158, 7606]	19	175	public	19	187
6037	6098	GILGFVFTL	TRBV30*01	TRBJ1-1*01	CAWSLSMNTEAFF	GTS......NPN	SVG.....IG	P.QDRQ	1	6038	[298, 1428, 1913, 2891, 3631, 3972, 4402, 5093, 6037, 6090, 6120, 6278, 6391, 6629, 6770, 7231, 7275, 7698]	18	83	public	18	188
4973	5021	NLVPMVATV	TRBV9*01	TRBJ2-1*01	CASSVDGNEQFF	SGD.......LS	YYN....GEE	F.PDLH	1	4974	[688, 735, 758, 771, 827, 1363, 2696, 3956, 3981, 4504, 4973, 5245, 5400, 5623, 5825, 5893, 6180, 6485]	18	133	public	18	189
4498	4541	NLVPMVATV	TRBV11-2*01	TRBJ2-7*01	CASSLNYEQYF	SGH.......AT	FQN....NGV	L.KGVD	1	4499	[216, 920, 1344, 2133, 2200, 2859, 3178, 3592, 4110, 4360, 4498, 4975, 5127, 5390, 6572, 7593, 7690, 8212]	18	194	public	18	190
962	968	NLVPMVATV	TRBV3-1*01	TRBJ2-1*01	CGSSQAGMAEQFF	LGH.......DT	YNN....KEL	P.DKAH	1	963	[108, 217, 536, 962, 1607, 2779, 2789, 3809, 4674, 4974, 6295, 6459, 6541, 6638, 6816, 6914, 7173, 7535]	18	251	public	18	191
4460	4503	NLVPMVATV	TRBV11-2*01	TRBJ1-1*01	CASSRGQGNTEAFF	SGH.......AT	FQN....NGV	L.KGVD	1	4461	[55, 1329, 2150, 2255, 2424, 2742, 2868, 2945, 3076, 4377, 4460, 4496, 5311, 6103, 6455, 7037, 7088, 8094]	18	192	public	18	192
4918	4964	GLCTLVAML	TRBV9*01	TRBJ2-3*01	CASSVAELAGGTDTQYF	SGD.......LS	YYN....GEE	F.PDLH	1	4919	[704, 762, 2959, 3095, 3874, 4537, 4555, 4751, 4918, 5535, 6159, 6589, 6958, 7192, 7239, 7360, 7797, 8159]	18	131	public	18	193
2748	2774	GILGFVFTL	TRBV19*01	TRBJ1-4*01	CASSIRAGEKLFF	LNH.......DA	SQI....VND	E.KKES	1	2749	[1362, 1789, 2504, 2617, 2685, 2748, 2889, 3514, 3541, 3848, 4934, 5436, 5536, 5561, 6030, 6467, 6864, 8342]	18	24	public	18	194
697	702	GLCTLVAML	TRBV20-1*01	TRBJ1-4*01	CRARGQAITEKLFF	DFQ......ATT	SNEG...SKA	A.SLTL	1	698	[263, 371, 697, 751, 912, 1547, 2388, 2485, 2522, 3081, 3730, 4942, 5252, 5939, 6036, 7225, 7712, 8194]	18	343	public	18	195
3233	3266	NLVPMVATV	TRBV7-3*01	TRBJ2-1*01	CASSLIVAGGYNEQFF	SGH.......TA	FQG....TGA	P.EGSV	1	3234	[1226, 2105, 2317, 2530, 2860, 3199, 3233, 4647, 5413, 5702, 5703, 5795, 6331, 6429, 6623, 7514, 7550, 7596]	18	179	public	18	196
2642	2664	GILGFVFTL	TRBV7-3*01	TRBJ2-1*01	CASSLTSGNEQFF	SGH.......TA	FQG....TGA	P.EGSV	1	2643	[119, 1630, 2615, 2642, 3113, 3783, 3985, 4187, 4345, 5569, 5591, 5870, 6141, 6384, 6436, 7476, 7801, 8362]	18	178	public	18	197
1904	1924	GILGFVFTL	TRBV6-5*01	TRBJ1-3*01	CASSHGGDSGNTIYF	MNH.......EY	SVG....AGI	S.TTED	1	1905	[316, 1064, 1760, 1904, 2256, 2291, 3433, 4554, 5128, 5723, 5885, 6215, 6216, 7234, 7242, 7768, 8018, 8188]	18	108	public	18	198
951	957	NLVPMVATV	TRBV12-3*01	TRBJ2-2*01	CASSLGSGELFF	SGH.......NS	FNN....NVP	P.NASF	1	952	[107, 618, 951, 1382, 1704, 2756, 2987, 3154, 3165, 4754, 4826, 5978, 6267, 6405, 7183, 7352, 7900]	17	288	public	17	199
4392	4434	GILGFVFTL	TRBV30*01	TRBJ2-2*01	CAWSLSSGELFF	GTS......NPN	SVG.....IG	P.QDRQ	1	4393	[237, 348, 726, 2036, 2160, 2299, 3671, 4214, 4392, 4442, 4465, 4533, 4908, 5164, 5345, 7025, 7478]	17	85	public	17	200
3191	3224	NLVPMVATV	TRBV7-9*01	TRBJ2-7*01	CASSLVGTGGSYEQYF	SEH.......NR	FQN....EAQ	P.KGSF	1	3192	[1522, 2356, 2689, 2900, 3191, 3297, 3673, 4177, 4488, 4639, 4679, 5288, 5968, 7313, 7544, 8256, 8378]	17	242	public	17	201
2481	2502	NLVPMVATV	TRBV7-8*01	TRBJ2-1*01	CASSFYFTGAPYNEQFF	SGH.......VS	FQN....EAQ	P.EGSV	1	2482	[42, 2268, 2481, 2958, 3280, 3477, 3501, 3907, 5037, 5393, 5503, 6290, 6714, 7029, 7214, 8105, 8236]	17	218	public	17	202
7838	7918	NLVPMVATV	TRBV25-1*01	TRBJ2-1*01	CASSEVNEQFF	MGH.......DK	SYG....VNS	I.RTEH	1	7839	[219, 234, 410, 584, 3552, 3777, 4186, 4628, 4657, 5502, 5791, 6118, 6399, 6749, 7580, 7838, 8207]	17	117	public	17	203
7976	8057	NLVPMVATV	TRBV14*01	TRBJ2-3*01	CASSQGSGSTDTQYF	SGH.......DN	FVK....ESK	T.GGTY	1	7977	[833, 848, 1087, 1332, 2301, 2677, 2963, 3521, 3712, 4172, 4987, 5555, 5653, 6473, 6712, 7976, 8003]	17	165	public	17	204
1860	1879	NLVPMVATV	TRBV7-9*01	TRBJ1-4*01	CASSPGTGLEKLFF	SEH.......NR	FQN....EAQ	P.KGSF	1	1861	[321, 1817, 1860, 2340, 2611, 4527, 4823, 5225, 5236, 5418, 5640, 5692, 5875, 7066, 7336, 7610, 8269]	17	215	public	17	205
2754	2780	NLVPMVATV	TRBV7-9*01	TRBJ2-7*01	CASSLARGTGSYEQYF	SEH.......NR	FQN....EAQ	P.KGSF	1	2755	[113, 124, 406, 983, 1156, 1901, 2112, 2587, 2754, 3513, 4092, 4859, 5094, 5761, 5985, 7073, 7324]	17	241	public	17	206
308	310	NLVPMVATV	TRBV4-3*01	TRBJ2-2*01	CASSQVLQGNTGELFF	LGH.......NA	YSL....EER	P.NSSH	1	309	[308, 412, 668, 925, 1520, 1600, 1932, 2051, 2343, 3553, 3625, 3799, 3861, 5307, 6537, 6768, 7650]	17	260	public	17	207
7623	7701	NLVPMVATV	TRBV5-1*01	TRBJ1-2*01	CASSLSGRDYGYTF	SGH.......RS	YFS....ETQ	F.SNSR	1	7624	[262, 862, 3601, 3853, 4487, 4863, 5187, 5683, 5906, 6446, 6621, 6675, 6817, 7180, 7319, 7623, 7699]	17	141	public	17	208
1171	1181	GILGFVFTL	TRBV11-2*01	TRBJ2-5*01	CASSLFEETQYF	SGH.......AT	FQN....NGV	L.KGVD	1	1172	[1019, 1149, 1171, 1497, 3494, 3854, 3934, 3955, 3983, 4292, 4426, 4683, 5688, 5715, 6071, 8124, 8338]	17	195	public	17	209
6907	6980	GILGFVFTL	TRBV12-3*01	TRBJ1-5*01	CASSWQGNQPQHF	SGH.......NS	FNN....NVP	P.NASF	1	6908	[1999, 2407, 2726, 2749, 3043, 3257, 3500, 3823, 3988, 4448, 4463, 5099, 5419, 5936, 6529, 6907, 8300]	17	281	public	17	210
196	198	GLCTLVAML	TRBV4-3*01	TRBJ1-3*01	CASSQDRGGNTIYF	LGH.......NA	YSL....EER	P.NSSH	1	197	[196, 413, 498, 1258, 1452, 1905, 2201, 2835, 3152, 3610, 4320, 4328, 4881, 6045, 6050, 7078, 7835]	17	256	public	17	211
1410	1424	GILGFVFTL	TRBV19*01	TRBJ1-1*01	CVSRSGAEAFF	LNH.......DA	SQI....VND	E.KKES	1	1411	[475, 770, 1410, 1414, 1818, 2254, 2539, 2896, 4079, 4712, 4910, 6414, 7175, 7203, 7297, 7998, 8250]	17	11	public	17	212
3615	3649	GLCTLVAML	TRBV4-3*01	TRBJ2-7*01	CASSQDGGSPYEQYF	LGH.......NA	YSL....EER	P.NSSH	1	3616	[28, 122, 856, 2123, 2154, 3059, 3332, 3615, 3894, 4618, 4932, 5273, 5948, 5993, 7171, 8171, 8347]	17	254	public	17	213
2905	2934	NLVPMVATV	TRBV9*01	TRBJ1-5*01	CASSVDGMNQPQHF	SGD.......LS	YYN....GEE	F.PDLH	1	2906	[134, 1671, 1799, 1961, 2283, 2307, 2905, 3338, 3381, 4772, 4831, 4971, 5608, 5660, 5868, 6080, 7261]	17	139	public	17	214
1006	1014	NLVPMVATV	TRBV10-1*01	TRBJ2-7*01	CASSYSGPYEQYF	WNH.......NN	SYG....VQD	S.NTED	1	1007	[138, 273, 398, 1006, 1524, 2078, 2494, 2760, 4917, 5075, 5579, 6299, 6831, 6921, 7057, 7197, 7919]	17	121	public	17	215
4081	4122	NLVPMVATV	TRBV28*01	TRBJ2-3*01	CASSLGLDTQYF	MDH.......EN	SYD....VKM	E.KKER	1	4082	[299, 1167, 1519, 1614, 1996, 2178, 2419, 2941, 3464, 3599, 4046, 4081, 5150, 5459, 6262, 6334, 7378]	17	95	public	17	216
3447	3480	GILGFVFTL	TRBV19*01	TRBJ1-2*01	CASSTHTGANYGYTF	LNH.......DA	SQI....VND	E.KKES	1	3448	[403, 569, 1507, 3097, 3155, 3447, 3589, 3864, 4239, 5031, 5188, 6276, 6443, 6961, 7404, 8334, 8372]	17	13	public	17	217
4378	4420	YLQPRTFLL	TRBV2*01	TRBJ2-2*01	CASSEIGGGNTGELFF	SNH.......LY	FYN....NEI	P.DGSN	1	4379	[719, 2049, 3890, 4102, 4378, 4432, 5365, 6431, 6780, 7002, 7220, 7287, 7718, 7794, 8095, 8227]	16	297	public	16	218
6695	6766	NLVPMVATV	TRBV20-1*01	TRBJ1-2*01	CSARDLTGPNYGYTF	DFQ......ATT	SNEG...SKA	A.SLTL	1	6696	[1284, 1512, 2730, 3243, 3245, 3438, 4492, 5778, 5819, 5950, 6083, 6695, 7534, 7600, 7602, 7860]	16	345	public	16	219
7312	7387	NLVPMVATV	TRBV4-2*01	TRBJ2-6*01	CASSQGGGPGANVLTF	LGH.......NA	YNF....KEQ	P.NSSH	1	7313	[147, 816, 1886, 2212, 2213, 3274, 3706, 4759, 5659, 6728, 6791, 7312, 7318, 7675, 7836, 7944]	16	103	public	16	220
5851	5912	NLVPMVATV	TRBV3-1*01	TRBJ1-4*01	CAGSQVWGSDEKLFF	LGH.......DT	YNN....KEL	P.DKAH	1	5852	[1710, 2328, 2632, 2888, 3449, 3607, 4041, 4453, 4507, 5322, 5567, 5851, 6323, 6693, 7292, 8093]	16	249	public	16	221
744	750	NLVPMVATV	TRBV30*01	TRBJ1-5*01	CAWSEGDNQPQHF	GTS......NPN	SVG.....IG	P.QDRQ	1	745	[102, 189, 744, 1228, 1644, 2393, 3364, 3925, 4042, 4782, 5018, 5441, 5554, 6001, 6126, 6593]	16	86	public	16	222
578	582	GILGFVFTL	TRBV7-8*01	TRBJ2-1*01	CASSLNGGSSYNEQFF	SGH.......VS	FQN....EAQ	P.EGSV	1	579	[178, 578, 922, 1158, 1792, 2034, 2240, 2801, 3914, 4365, 4664, 5708, 6169, 6243, 7968, 8357]	16	220	public	16	223
3197	3230	NLVPMVATV	TRBV7-7*01	TRBJ2-7*01	CASSPSGVSYEQYF	SSH.......AT	FNY....EAQ	P.EGSI	1	3198	[1313, 1833, 1862, 2428, 3197, 3644, 3645, 4660, 5645, 5754, 5930, 6560, 6945, 7389, 7429, 7473]	16	219	public	16	224
8031	8113	GILGFVFTL	TRBV4-1*01	TRBJ2-2*01	CASSQGQNTGELFF	MGH.......RA	YSY....EKL	P.NSSL	1	8032	[89, 877, 950, 1533, 1558, 1936, 2519, 3101, 3787, 4812, 5022, 5069, 6197, 6289, 6383, 8031]	16	259	public	16	225
6624	6695	NLVPMVATV	TRBV4-2*01	TRBJ1-2*01	CAGSHEGSGGYTF	LGH.......NA	YNF....KEQ	P.NSSH	1	6625	[37, 844, 1024, 2410, 3087, 3109, 5220, 5378, 5728, 6345, 6624, 6854, 6939, 7388, 8028, 8029]	16	261	public	16	226
675	680	NLVPMVATV	TRBV27*01	TRBJ1-5*01	CASSLWGNQPQHF	MNH.......EY	SMN....VEV	K.EKRN	1	676	[351, 675, 797, 947, 1206, 1608, 1971, 2598, 3105, 3557, 4652, 5346, 5655, 7202, 7977, 8238]	16	34	public	16	227
1015	1023	NLVPMVATV	TRBV25-1*01	TRBJ2-5*01	CASRDGGQIDETQHF	MGH.......DK	SYG....VNS	I.RTEH	1	1016	[21, 1015, 2275, 2367, 2377, 3221, 3591, 3635, 3775, 4472, 4725, 4892, 5945, 6372, 8014, 8309]	16	118	public	16	228
6441	6511	GLCTLVAML	TRBV12-3*01	TRBJ1-5*01	CASSPGQGAGQPQHF	SGH.......NS	FNN....NVP	P.NASF	1	6442	[51, 385, 399, 921, 1122, 2832, 4905, 5211, 5344, 5449, 6441, 6905, 7147, 7502, 7622]	15	282	public	15	229
4336	4378	NLVPMVATV	TRBV7-8*01	TRBJ2-1*01	CASSLEIAGGNYNEQFF	SGH.......VS	FQN....EAQ	P.EGSV	1	4337	[747, 1674, 2691, 2856, 3260, 3354, 3406, 3700, 3935, 4213, 4248, 4336, 4872, 7039, 7305]	15	223	public	15	230
3679	3713	GILGFVFTL	TRBV20-1*01	TRBJ2-7*01	CSARDYRGGTTYEQYF	DFQ......ATT	SNEG...SKA	A.SLTL	1	3680	[587, 1247, 1946, 2169, 2486, 2589, 3679, 3978, 4590, 5024, 5514, 6868, 7329, 7441, 7755]	15	330	public	15	231
2556	2577	GILGFVFTL	TRBV6-5*01	TRBJ1-6*01	CASSYYGSYNSPLHF	MNH.......EY	SVG....AGI	S.TTED	1	2557	[238, 1173, 1437, 2550, 2556, 3762, 3886, 4483, 4648, 4941, 4992, 5154, 6205, 7120, 7293]	15	72	public	15	232
4765	4811	NLVPMVATV	TRBV27*01	TRBJ1-6*01	CASSLGGQNSPLHF	MNH.......EY	SMN....VEV	K.EKRN	1	4766	[337, 629, 977, 1442, 1529, 2553, 2554, 4765, 5404, 6656, 7083, 7428, 7507, 7649, 8046]	15	35	public	15	233
5063	5111	NLVPMVATV	TRBV6-2*01	TRBJ1-1*01	CASSSLPGGTEAFF	MNH.......EY	SVG....EGT	L.KKQN	1	5064	[200, 426, 1531, 1581, 1866, 2784, 2822, 3211, 3268, 3732, 4105, 5063, 6867, 8064, 8077]	15	55	public	15	234
5934	5995	GLCTLVAML	TRBV9*01	TRBJ1-2*01	CASSGGGGHYGYTF	SGD.......LS	YYN....GEE	F.PDLH	1	5935	[1010, 1334, 1359, 1567, 1823, 2608, 3904, 4104, 4543, 4614, 5142, 5934, 6070, 6085, 7387]	15	136	public	15	235
1528	1542	NLVPMVATV	TRBV11-3*01	TRBJ2-2*01	CASSLRSNTGELFF	SGH.......NT	YEN....EEA	L.KGVD	1	1529	[729, 884, 1528, 2641, 2765, 2778, 2998, 3708, 4145, 4902, 6224, 6272, 6614, 7340, 7393]	15	191	public	15	236
5743	5802	NLVPMVATV	TRBV3-1*01	TRBJ1-2*01	CASSQGRLNYGYTF	LGH.......DT	YNN....KEL	P.DKAH	1	5744	[96, 222, 259, 551, 853, 2306, 5062, 5306, 5743, 6356, 6576, 6683, 6729, 6912, 7218]	15	250	public	15	237
6390	6460	NLVPMVATV	TRBV10-3*01	TRBJ2-7*01	CAISESRTGAYEQYF	ENH.......RY	SYG....VKD	S.KTED	1	6391	[143, 2024, 2083, 2743, 2805, 3130, 3353, 3847, 4024, 4064, 4245, 6390, 6906, 7165]	14	124	public	14	238
7407	7483	NLVPMVATV	TRBV6-2*01	TRBJ2-2*01	CASSYRDTGELFF	MNH.......EY	SVG....EGT	L.KKQN	1	7408	[245, 2002, 2634, 2648, 2666, 2978, 3138, 3420, 3888, 4913, 6710, 7407, 8116, 8119]	14	54	public	14	239
4036	4076	NLVPMVATV	TRBV4-3*01	TRBJ1-1*01	CASSQDKAGNTEAFF	LGH.......NA	YSL....EER	P.NSSH	1	4037	[214, 450, 1906, 3137, 3611, 3792, 4036, 4100, 4757, 5750, 6298, 6423, 7460, 8023]	14	257	public	14	240
538	541	GILGFVFTL	TRBV30*01	TRBJ2-1*01	CAWSGLGPSYNEQFF	GTS......NPN	SVG.....IG	P.QDRQ	1	539	[76, 538, 2185, 2333, 3345, 3516, 3938, 4166, 4779, 6016, 6021, 6493, 8282, 8285]	14	82	public	14	241
4901	4947	NLVPMVATV	TRBV7-2*01	TRBJ2-2*01	CASSLIAGGHTGELFF	SGH.......TA	FQG....NSA	T.GGSV	1	4902	[7, 1690, 2022, 2846, 3698, 4869, 4901, 5145, 6495, 6857, 7162, 7694, 7877, 8292]	14	211	public	14	242
5581	5637	GILGFVFTL	TRBV19*01	TRBJ1-3*01	CASSSYSGNTIYF	LNH.......DA	SQI....VND	E.KKES	1	5582	[817, 1028, 1054, 1142, 2339, 2414, 2422, 5182, 5581, 5633, 5852, 5909, 7427, 8278]	14	109	public	14	243
2547	2568	GLCTLVAML	TRBV7-2*01	TRBJ1-1*01	CASSLEANTEAFF	SGH.......TA	FQG....NSA	T.GGSV	1	2548	[272, 567, 838, 905, 1717, 1891, 1962, 2547, 3249, 3269, 5235, 5259, 6140, 7635]	14	201	public	14	244
6682	6753	NLVPMVATV	TRBV20-1*01	TRBJ2-4*01	CSARGYSAKNIQYF	DFQ......ATT	SNEG...SKA	A.SLTL	1	6683	[92, 446, 984, 1679, 2362, 4400, 5707, 5765, 6227, 6283, 6569, 6682, 7343, 7453]	14	324	public	14	245
6708	6779	GLCTLVAML	TRBV5-1*01	TRBJ1-4*01	CASSLESGEKLFF	SGH.......RS	YFS....ETQ	F.SNSR	1	6709	[4, 915, 1635, 2210, 2680, 2960, 3166, 3941, 4423, 5335, 6532, 6708, 7310, 7783]	14	142	public	14	246
3303	3336	GILGFVFTL	TRBV5-1*01	TRBJ1-5*01	CASSPLGGNQPQHF	SGH.......RS	YFS....ETQ	F.SNSR	1	3304	[597, 696, 2023, 3303, 3526, 3837, 4134, 4771, 5699, 6319, 7012, 7040, 7556, 8281]	14	143	public	14	247
3160	3193	NLVPMVATV	TRBV4-2*01	TRBJ1-5*01	CAGSQEQGPGNQPQHF	LGH.......NA	YNF....KEQ	P.NSSH	1	3161	[43, 574, 1676, 3160, 3220, 3413, 3422, 4124, 5625, 5901, 6700, 7177, 8361, 8375]	14	270	public	14	248
5797	5858	GLCTLVAML	TRBV10-2*01	TRBJ1-4*01	CASSPGTAEKLFF	WSH.......SY	SAA....ADI	S.KTEN	1	5798	[1481, 1779, 1861, 2287, 3051, 3099, 3842, 5267, 5304, 5359, 5497, 5797, 7236]	13	127	public	13	249
993	999	GILGFVFTL	TRBV3-1*01	TRBJ2-1*01	CASSQDLEGEGYNEQFF	LGH.......DT	YNN....KEL	P.DKAH	1	994	[151, 288, 993, 1078, 1195, 1259, 1404, 3021, 3614, 5089, 5159, 6607, 8010]	13	246	public	13	250
2923	2952	GLCTLVAML	TRBV29-1*01	TRBJ1-5*01	CSVEAGGNQPQHF	SQV.......TM	ANQG...SEA	P.NLTF	1	2924	[66, 162, 312, 1097, 1401, 2923, 4150, 4399, 4625, 5112, 6699, 7536, 8126]	13	318	public	13	251
171	173	NLVPMVATV	TRBV2*01	TRBJ1-2*01	CASTGGGLFGYTF	SNH.......LY	FYN....NEI	P.DGSN	1	172	[171, 541, 626, 1333, 2418, 2722, 4687, 5001, 5922, 6177, 7110, 7396, 7748]	13	293	public	13	252
2401	2421	NLVPMVATV	TRBV25-1*01	TRBJ1-1*01	CASSPTGNTEAFF	MGH.......DK	SYG....VNS	I.RTEH	1	2402	[1462, 1838, 2401, 2956, 3055, 3266, 3471, 4431, 4776, 6475, 6635, 6786, 8041]	13	116	public	13	253
3642	3676	NLVPMVATV	TRBV5-6*01	TRBJ1-5*01	CASSLIRENQPQHF	SGH.......DT	YYE....EEE	F.PNYS	1	3643	[614, 1909, 2863, 3132, 3179, 3642, 4016, 4274, 4777, 7812, 7910, 7924, 8167]	13	158	public	13	254
2108	2128	NLVPMVATV	TRBV7-6*01	TRBJ1-6*01	CASSLAGGHNSPLHF	SGH.......VS	FNY....EAQ	P.EGSI	1	2109	[296, 409, 742, 1378, 2108, 2118, 2706, 2744, 3347, 4091, 4148, 5010, 5751]	13	213	public	13	255
4493	4536	NLVPMVATV	TRBV27*01	TRBJ1-4*01	CASSYGYGEKLFF	MNH.......EY	SMN....VEV	K.EKRN	1	4494	[24, 491, 564, 1040, 1389, 1515, 1816, 3639, 4143, 4493, 4882, 5232, 8007]	13	36	public	13	256
6288	6354	NLVPMVATV	TRBV28*01	TRBJ1-5*01	CASSFAGNQPQHF	MDH.......EN	SYD....VKM	E.KKER	1	6289	[1088, 1622, 2018, 2505, 2839, 3139, 3967, 5155, 6183, 6288, 6841, 7451, 7737]	13	100	public	13	257
938	944	GILGFVFTL	TRBV19*01	TRBJ2-6*01	CASSIFSGANVLTF	LNH.......DA	SQI....VND	E.KKES	1	939	[53, 220, 305, 532, 938, 1210, 2231, 2313, 2869, 4344, 4398, 6898, 7993]	13	22	public	13	258
2579	2600	NLVPMVATV	TRBV2*01	TRBJ1-5*01	CASSEARNQPQHF	SNH.......LY	FYN....NEI	P.DGSN	1	2580	[1937, 2013, 2579, 2884, 3333, 3820, 5298, 5473, 6687, 6858, 7971, 8156]	12	294	public	12	259
801	807	GILGFVFTL	TRBV7-9*01	TRBJ2-5*01	CASSKGGRGGPETQYF	SEH.......NR	FQN....EAQ	P.KGSF	1	802	[177, 801, 1786, 2390, 3004, 4676, 5470, 5713, 6164, 6166, 7639, 7902]	12	228	public	12	260
6363	6433	YLQPRTFLL	TRBV10-2*01	TRBJ2-2*01	CASNELNTGELFF	WSH.......SY	SAA....ADI	S.KTEN	1	6364	[1151, 2490, 2767, 2897, 3565, 4133, 5076, 5246, 5452, 5468, 6363, 7519]	12	128	public	12	261
2965	2994	YLQPRTFLL	TRBV3-1*01	TRBJ2-2*01	CASSQLAGGNTGELFF	LGH.......DT	YNN....KEL	P.DKAH	1	2966	[1058, 1485, 2021, 2906, 2965, 3079, 3701, 5602, 6217, 7069, 7780, 8098]	12	244	public	12	262
2590	2612	GLCTLVAML	TRBV19*01	TRBJ1-6*01	CASSILGNSPLHF	LNH.......DA	SQI....VND	E.KKES	1	2591	[794, 926, 1634, 1822, 2011, 2584, 2590, 4047, 4268, 4556, 5124, 6888]	12	23	public	12	263
1699	1717	NLVPMVATV	TRBV10-3*01	TRBJ1-2*01	CAISDLKNYGYTF	ENH.......RY	SYG....VKD	S.KTED	1	1700	[499, 803, 1261, 1372, 1699, 2222, 4846, 5769, 6973, 7221, 7283]	11	61	public	11	264
1351	1365	NLVPMVATV	TRBV12-3*01	TRBJ2-7*01	CASSLWDRGRYEQYF	SGH.......NS	FNN....NVP	P.NASF	1	1352	[300, 471, 477, 739, 1351, 3870, 5446, 5992, 6721, 7358, 7949]	11	278	public	11	265
8224	8309	NLVPMVATV	TRBV10-3*01	TRBJ2-2*01	CAISEGTNTGELFF	ENH.......RY	SYG....VKD	S.KTED	1	8225	[73, 427, 1992, 2773, 3554, 3636, 4218, 4390, 6438, 6562, 8224]	11	122	public	11	266
7166	7241	NLVPMVATV	TRBV4-3*01	TRBJ2-3*01	CASSQLLAGVTDTQYF	LGH.......NA	YSL....EER	P.NSSH	1	7167	[910, 1842, 2427, 2514, 3254, 4160, 4620, 6133, 6315, 7166, 7401]	11	273	public	11	267
4195	4237	GILGFVFTL	TRBV25-1*01	TRBJ1-5*01	CASSEQSNQPQHF	MGH.......DK	SYG....VNS	I.RTEH	1	4196	[287, 1018, 3058, 3573, 3634, 4117, 4195, 4321, 4436, 4865, 5624]	11	120	public	11	268
5078	5127	GILGFVFTL	TRBV2*01	TRBJ1-4*01	CASSEQGANEKLFF	SNH.......LY	FYN....NEI	P.DGSN	1	5079	[2812, 3054, 3593, 3993, 4095, 5078, 5918, 6102, 6131, 7843, 8048]	11	295	public	11	269
6200	6263	GILGFVFTL	TRBV6-2*01	TRBJ1-5*01	CASSYSMDGHSNQPQHF	MNH.......EY	SVG....EGT	L.KKQN	1	6201	[1976, 2658, 2828, 3819, 3975, 5254, 6022, 6162, 6200, 6586, 7169]	11	49	public	11	270
3205	3238	GILGFVFTL	TRBV15*01	TRBJ1-3*01	CATSRDRSSGNTIYF	LNH.......NV	YYD....KDF	P.NTSF	1	3206	[255, 285, 880, 1855, 2441, 3205, 3577, 4980, 5862, 6388, 7113]	11	107	public	11	271
5333	5386	NLVPMVATV	TRBV7-2*01	TRBJ1-5*01	CASSFYGYSNQPQHF	SGH.......TA	FQG....NSA	T.GGSV	1	5334	[667, 2563, 2653, 3760, 4295, 4708, 5333, 6875, 7142, 7475, 8246]	11	231	public	11	272
2798	2826	NLVPMVATV	TRBV24-1*01	TRBJ1-2*01	CATSDLKVHSGNYGYTF	KGH.......DR	SFD....VKD	Q.AQAK	1	2799	[748, 895, 1668, 1872, 1954, 2798, 3451, 4403, 5383, 5674, 6558]	11	115	public	11	273
5025	5073	NLVPMVATV	TRBV13*01	TRBJ2-7*01	CASSLAGLAGRTYEQYF	PRH.......DT	FYE....KMQ	F.SDYH	1	5026	[361, 1119, 1390, 3388, 3506, 4915, 5025, 5730, 5987, 6316, 8054]	11	149	public	11	274
545	549	GLCTLVAML	TRBV9*01	TRBJ1-1*01	CASSTGQLTNTEAFF	SGD.......LS	YYN....GEE	F.PDLH	1	546	[545, 1260, 1591, 3147, 3843, 5044, 5629, 6366, 6983, 7776, 8097]	11	138	public	11	275
1098	1108	YLQPRTFLL	TRBV7-2*01	TRBJ2-2*01	CAPGDLNTGELFF	SGH.......TA	FQG....NSA	T.GGSV	1	1099	[372, 811, 1098, 2415, 3141, 4809, 6585, 6880, 7291, 7830, 8130]	11	176	public	11	276
7934	8015	GILGFVFTL	TRBV3-1*01	TRBJ1-1*01	CASSQERGGRYTEAFF	LGH.......DT	YNN....KEL	P.DKAH	1	7935	[967, 1187, 2017, 3313, 3459, 4659, 5352, 5967, 6767, 7804, 7934]	11	245	public	11	277
5639	5696	GLCTLVAML	TRBV9*01	TRBJ1-3*01	CASSSGGLSSGNTIYF	SGD.......LS	YYN....GEE	F.PDLH	1	5640	[1809, 2064, 2532, 3102, 3417, 3574, 4568, 5639, 6463, 6902, 7646]	11	106	public	11	278
4906	4952	GLCTLVAML	TRBV15*01	TRBJ1-2*01	CATSRGQSYGYTF	LNH.......NV	YYD....KDF	P.NTSF	1	4907	[2867, 4346, 4643, 4906, 5135, 7349, 7420, 7616, 8016, 8163]	10	305	public	10	279
4569	4613	GILGFVFTL	TRBV15*01	TRBJ1-1*01	CATSSGGTEAFF	LNH.......NV	YYD....KDF	P.NTSF	1	4570	[159, 1063, 1174, 2974, 4569, 5301, 5499, 5883, 7351, 7858]	10	306	public	10	280
4665	4710	GILGFVFTL	TRBV6-1*01	TRBJ1-5*01	CASSDLDSNQPQHF	MNH.......NS	SAS....EGT	L.NKRE	1	4666	[392, 713, 1071, 2227, 3810, 4665, 5678, 6193, 7423, 7541]	10	44	public	10	281
1356	1370	NLVPMVATV	TRBV16*01	TRBJ1-5*01	CASSQSDTNQPQHF	KGH.......SY	FQN....ENV	L.PNSP	1	1357	[492, 1356, 2831, 2899, 5671, 6847, 7007, 7204, 7341, 7559]	10	186	public	10	282
3953	3991	NLVPMVATV	TRBV20-1*01	TRBJ2-7*01	CSASSPDTDSYEQYF	DFQ......ATT	SNEG...SKA	A.SLTL	1	3954	[174, 802, 810, 1105, 2326, 3029, 3361, 3722, 3953, 6117]	10	326	public	10	283
7948	8029	YLQPRTFLL	TRBV13*01	TRBJ2-2*01	CASSLVQGGNTGELFF	PRH.......DT	FYE....KMQ	F.SDYH	1	7949	[854, 1125, 2205, 2917, 3968, 4867, 4885, 5937, 6491, 7948]	10	148	public	10	284
1559	1573	NLVPMVATV	TRBV7-6*01	TRBJ2-2*01	CASSLSGELFF	SGH.......VS	FNY....EAQ	P.EGSI	1	1560	[836, 1559, 2217, 2394, 3563, 4896, 5162, 6149, 7930, 8139]	10	216	public	10	285
7663	7741	NLVPMVATV	TRBV11-2*01	TRBJ1-4*01	CASSPTGARGPNEKLFF	SGH.......AT	FQN....NGV	L.KGVD	1	7664	[269, 2806, 3304, 4000, 4121, 6072, 6456, 7663, 7871]	9	188	public	9	286
5491	5545	NLVPMVATV	TRBV29-1*01	TRBJ2-6*01	CSVEDRGISGANVLTF	SQV.......TM	ANQG...SEA	P.NLTF	1	5492	[581, 791, 3285, 4435, 5491, 6179, 7022, 7648, 8175]	9	321	public	9	287
4667	4712	GLCTLVAML	TRBV28*01	TRBJ1-2*01	CASSLLGQAYGYTF	MDH.......EN	SYD....VKM	E.KKER	1	4668	[1251, 3802, 4667, 4800, 4820, 5260, 6956, 7492, 7523]	9	98	public	9	288
677	682	NLVPMVATV	TRBV28*01	TRBJ1-6*01	CASSFVGPTNSPLHF	MDH.......EN	SYD....VKM	E.KKER	1	678	[677, 1368, 1641, 1934, 2260, 2610, 4947, 7116, 7410]	9	99	public	9	289
689	694	NLVPMVATV	TRBV5-8*01	TRBJ1-6*01	CASSFTGRSPLHF	SGH.......TS	YDE....GEE	F.PNYS	1	690	[225, 689, 965, 2448, 3624, 4452, 7252, 7636, 7656]	9	160	public	9	290
767	773	NLVPMVATV	TRBV5-4*01	TRBJ1-1*01	CASSSREGSGRERNTEAFF	SGH.......NT	YYR....EEE	F.PNYS	1	768	[690, 767, 1983, 2529, 3386, 5509, 6229, 7471, 7666]	9	153	public	9	291
6877	6950	GLCTLVAML	TRBV15*01	TRBJ2-2*01	CATSRDGSGGASGELFF	LNH.......NV	YYD....KDF	P.NTSF	1	6878	[687, 875, 2189, 2790, 3910, 4482, 6655, 6877, 7929]	9	303	public	9	292
2229	2249	NLVPMVATV	TRBV6-5*01	TRBJ2-3*01	CASSYELQTGVFDTQYF	MNH.......EY	SVG....AGI	S.TTED	1	2230	[109, 461, 640, 1988, 2229, 4516, 4549, 5729, 7084]	9	68	public	9	293
7080	7154	GILGFVFTL	TRBV7-9*01	TRBJ1-5*01	CASSLAGGSNQPQHF	SEH.......NR	FQN....EAQ	P.KGSF	1	7081	[2692, 2802, 3284, 3817, 3841, 4912, 7080, 7348, 7779]	9	232	public	9	294
2285	2305	GLCTLVAML	TRBV11-2*01	TRBJ1-2*01	CASSSGVYYGYTF	SGH.......AT	FQN....NGV	L.KGVD	1	2286	[1546, 2285, 2695, 4253, 5654, 6138, 6999, 7060, 7121]	9	236	public	9	295
7135	7209	NLVPMVATV	TRBV6-4*01	TRBJ2-2*01	CASSEGNTGELFF	MRH.......NA	SNT....AGT	A.NTDD	1	7136	[38, 428, 1434, 4022, 5658, 7100, 7135, 7894, 7966]	9	75	public	9	296
8001	8082	NLVPMVATV	TRBV6-2*01	TRBJ1-2*01	CASSYGLNYGYTF	MNH.......EY	SVG....EGT	L.KKQN	1	8002	[72, 1029, 1446, 2406, 4427, 6009, 6776, 7962, 8001]	9	59	public	9	297
568	572	NLVPMVATV	TRBV6-5*01	TRBJ2-5*01	CASSYSWGFQETQYF	MNH.......EY	SVG....AGI	S.TTED	1	569	[568, 882, 1739, 2330, 2417, 3151, 4294, 6073, 6726]	9	69	public	9	298
1394	1408	NLVPMVATV	TRBV24-1*01	TRBJ2-2*01	CATSDFLNTGELFF	KGH.......DR	SFD....VKD	Q.AQAK	1	1395	[766, 1394, 2074, 2350, 2682, 4303, 5580, 5857, 6985]	9	111	public	9	299
5595	5652	NLVPMVATV	TRBV5-5*01	TRBJ2-1*01	CASSLEPGGSSYNEQFF	SGH.......KS	YYE....KEE	F.PNYS	1	5596	[276, 1489, 1664, 3237, 4291, 5595, 6069, 6125]	8	154	public	8	300
4059	4100	NLVPMVATV	TRBV14*01	TRBJ1-1*01	CASSQDLGGTEAFF	SGH.......DN	FVK....ESK	T.GGTY	1	4060	[476, 3695, 4059, 4397, 5091, 5512, 6950, 7824]	8	168	public	8	301
7501	7578	NLVPMVATV	TRBV11-2*01	TRBJ1-5*01	CASSLDGNYSNQPQHF	SGH.......AT	FQN....NGV	L.KGVD	1	7502	[2109, 4502, 4525, 6346, 6597, 6662, 6952, 7501]	8	189	public	8	302
5082	5132	NLVPMVATV	TRBV4-1*01	TRBJ1-3*01	CASSQGRGSGNTIYF	MGH.......RA	YSY....EKL	P.NSSL	1	5083	[1450, 2660, 3156, 5082, 7212, 7652, 7705, 8364]	8	271	public	8	303
3582	3615	NLVPMVATV	TRBV10-3*01	TRBJ1-1*01	CAIRDKMNTEAFF	ENH.......RY	SYG....VKD	S.KTED	1	3583	[939, 1129, 1408, 2493, 3582, 3721, 5810, 7584]	8	123	public	8	304
5670	5727	NLVPMVATV	TRBV18*01	TRBJ1-2*01	CASSPGRPSYGYTF	KGH.......SH	LQK....ENI	P.KEGP	1	5671	[3180, 3322, 4243, 4832, 5600, 5670, 5776, 7770]	8	184	public	8	305
3699	3733	NLVPMVATV	TRBV7-8*01	TRBJ2-6*01	CASSLWDRSSGANVLTF	SGH.......VS	FQN....EAQ	P.EGSV	1	3700	[2216, 2787, 3699, 4261, 5828, 6305, 7435, 8108]	8	104	public	8	306
8078	8161	NLVPMVATV	TRBV2*01	TRBJ1-1*01	CASSPGQGVNTEAFF	SNH.......LY	FYN....NEI	P.DGSN	1	8079	[277, 1022, 5222, 5376, 6528, 7161, 7464, 8078]	8	291	public	8	307
5981	6042	GILGFVFTL	TRBV4-1*01	TRBJ1-4*01	CASSQETGATNEKLFF	MGH.......RA	YSY....EKL	P.NSSL	1	5982	[172, 1930, 2721, 3826, 5396, 5820, 5981, 6490]	8	268	public	8	308
4724	4770	NLVPMVATV	TRBV20-1*01	TRBJ2-3*01	CSTRDQRGLAGGIGDTQYF	DFQ......ATT	SNEG...SKA	A.SLTL	1	4725	[708, 1695, 3677, 3749, 4724, 6835, 7035, 8218]	8	340	public	8	309
1139	1149	NLVPMVATV	TRBV27*01	TRBJ2-6*01	CASSLLVGSGANVLTF	MNH.......EY	SMN....VEV	K.EKRN	1	1140	[87, 529, 1139, 3272, 6779, 7520, 8388]	7	101	public	7	310
792	798	NLVPMVATV	TRBV5-4*01	TRBJ1-4*01	CASSPGTNDEKLFF	SGH.......NT	YYR....EEE	F.PNYS	1	793	[792, 3423, 4678, 6760, 6996, 7517, 7766]	7	159	public	7	311
4342	4384	NLVPMVATV	TRBV4-1*01	TRBJ2-1*01	CASSQFVLGDQDLNEQFF	MGH.......RA	YSY....EKL	P.NSSL	1	4343	[266, 633, 809, 4342, 4479, 6694, 8140]	7	265	public	7	312
5004	5052	NLVPMVATV	TRBV27*01	TRBJ1-2*01	CASSLGGYTF	MNH.......EY	SMN....VEV	K.EKRN	1	5005	[1620, 5004, 6039, 6201, 6359, 7644, 8308]	7	31	public	7	313
2735	2760	GLCTLVAML	TRBV28*01	TRBJ2-7*01	CASSFFLPTQREYEQYF	MDH.......EN	SYD....VKM	E.KKER	1	2736	[463, 2463, 2735, 3905, 4340, 5924, 7493]	7	91	public	7	314
2191	2211	NLVPMVATV	TRBV30*01	TRBJ1-1*01	CAWSVSDIMNTEAFF	GTS......NPN	SVG.....IG	P.QDRQ	1	2192	[289, 2033, 2191, 4899, 6020, 6068, 6385]	7	81	public	7	315
513	516	GLCTLVAML	TRBV6-5*01	TRBJ2-6*01	CASSFGQGLSGANVLTF	MNH.......EY	SVG....AGI	S.TTED	1	514	[513, 1454, 3511, 4098, 4210, 6603, 8203]	7	102	public	7	316
8195	8280	GILGFVFTL	TRBV6-9*01	TRBJ2-4*01	CASSYCPELAKNIQYF	MNH.......GY	SVA....AGI	S.NTED	1	8196	[2054, 2107, 3225, 4726, 6926, 7304, 8195]	7	48	public	7	317
6811	6883	NLVPMVATV	TRBV30*01	TRBJ1-3*01	CAWSVGGAGNTIYF	GTS......NPN	SVG.....IG	P.QDRQ	1	6812	[1268, 1827, 2101, 6059, 6407, 6811, 7054]	7	87	public	7	318
5662	5719	NLVPMVATV	TRBV6-5*01	TRBJ2-2*01	CASSYFLAQTGINTGELFF	MNH.......EY	SVG....AGI	S.TTED	1	5663	[1993, 2209, 5662, 7155, 7552, 8206, 8249]	7	78	public	7	319
991	997	NLVPMVATV	TRBV6-2*01	TRBJ2-3*01	CASSYSMRGTSTDTQYF	MNH.......EY	SVG....EGT	L.KKQN	1	992	[796, 991, 2578, 3585, 4923, 5122, 7689]	7	50	public	7	320
512	515	NLVPMVATV	TRBV6-5*01	TRBJ2-2*01	CASRGLAGGLGELFF	MNH.......EY	SVG....AGI	S.TTED	1	513	[512, 592, 682, 1182, 3922, 4539, 6152]	7	66	public	7	321
4315	4357	GLCTLVAML	TRBV6-1*01	TRBJ2-2*01	CASSEGPYTGELFF	MNH.......NS	SAS....EGT	L.NKRE	1	4316	[652, 4315, 5700, 6324, 6457, 6917, 7244]	7	76	public	7	322
7398	7474	NLVPMVATV	TRBV13*01	TRBJ1-2*01	CASSDDRVRYGYTF	PRH.......DT	FYE....KMQ	F.SDYH	1	7399	[1569, 2814, 4949, 7317, 7398, 8243]	6	150	public	6	323
1737	1755	GILGFVFTL	TRBV14*01	TRBJ2-2*01	CASSQGLNTGELFF	SGH.......DN	FVK....ESK	T.GGTY	1	1738	[1737, 2003, 4889, 5209, 6807, 7023]	6	167	public	6	324
8387	8475	NLVPMVATV	TRBV18*01	TRBJ2-3*01	CASSPGGRTDNPHTDTQYF	KGH.......SH	LQK....ENI	P.KEGP	1	8388	[3647, 4087, 4535, 7497, 8387]	5	224	public	5	325
5515	5570	NLVPMVATV	TRBV3-1*01	TRBJ2-5*01	CASSHRTSSGYQETQYF	LGH.......DT	YNN....KEL	P.DKAH	1	5516	[609, 1257, 2704, 5515, 6214]	5	247	public	5	326
6909	6982	NLVPMVATV	TRBV28*01	TRBJ1-3*01	CASSPVGGSSGNTIYF	MDH.......EN	SYD....VKM	E.KKER	1	6910	[1467, 2646, 4215, 5650, 6909]	5	110	public	5	327
5203	5253	GLCTLVAML	TRBV4-2*01	TRBJ1-4*01	CASSPPRRETTNEKLFF	LGH.......NA	YNF....KEQ	P.NSSH	1	5204	[4316, 4766, 5203, 6590]	4	267	public	4	328
4157	4198	NLVPMVATV	TRBV6-5*01	TRBJ1-2*01	CASSPVTGGIYGYTGF	MNH.......EY	SVG....AGI	S.TTED	1	4158	[367, 4157, 5153, 5621]	4	56	public	4	329
680	685	NLVPMVATV	TRBV27*01	TRBJ1-2*01	CASSLLDGQGARYGYTF	MNH.......EY	SMN....VEV	K.EKRN	1	681	[453, 680, 4564, 5412]	4	60	public	4	330
2246	2266	NLVPMVATV	TRBV20-1*01	TRBJ2-1*01	CSARVEFGTSGQLSSYNEQFF	DFQ......ATT	SNEG...SKA	A.SLTL	1	2247	[2246, 3382, 6548]	3	331	public	3	331
2841	2869	GILGFVFTL	TRBV15*01	TRBJ2-7*01	CATILYEILLGKATLYAYEQYF	LNH.......NV	YYD....KDF	P.NTSF	1	2842	[1470, 2841, 4612]	3	299	public	3	332
7370	7446	NLVPMVATV	TRBV18*01	TRBJ2-3*01	CASSPREPMRLAGAPSTDTQYF	KGH.......SH	LQK....ENI	P.KEGP	1	7371	[2310, 3747, 7370]	3	225	public	3	333
5316	5369	GILGFVFTL	TRBV20-1*01	TRBJ2-7*01	CQARDPVSGQGALLLYEQYF	DFQ......ATT	SNEG...SKA	A.SLTL	1	5317	[560, 5316, 8013]	3	329	public	3	334
8288	8374	NLVPMVATV	TRBV12-3*01	TRBJ2-2*01	CASASPGASGGAGQNTGELFF	SGH.......NS	FNN....NVP	P.NASF	1	8289	[3435, 4719, 8288]	3	208	public	3	335
3136	3168	NLVPMVATV	TRBV11-3*01	TRBJ1-1*01	CASSSSTGTGRCLLPNNTEAFF	SGH.......NT	YEN....EEA	L.KGVD	1	3137	[183, 3136, 6647]	3	204	public	3	336
2927	2956	NLVPMVATV	TRBV19*01	TRBJ1-5*01	CASSILDVSWTGSNQPQLF	LNH.......DA	SQI....VND	E.KKES	1	2928	[2927, 4384, 6461]	3	5	public	3	337
5358	5411	NLVPMVATV	TRBV3-1*01	TRBJ1-6*01	CASSVTAGGPFLLYNSPLHF	LGH.......DT	YNN....KEL	P.DKAH	1	5359	[1732, 5174, 5358]	3	205	public	3	338
209	211	NLVPMVATV	TRBV15*01	TRBJ2-1*01	CATILYEILLGKATLYAVLVSALVLMAMVKF	LNH.......NV	YYD....KDF	P.NTSF	1	210	[209, 1056, 2125]	3	300	public	3	339
5998	6059	GILGFVFTL	TRBV7-3*01	TRBJ1-6*01	CASSLQGGDLDRRRPKSSPLHF	SGH.......TA	FQG....TGA	P.EGSV	1	5999	[5998, 7489]	2	212	public	2	340
1542	1556	NLVPMVATV	TRBV12-5*01	TRBJ2-1*01	CASGLTSGLAGGRGNEQFF	LGH.......NT	FRN....RAP	P.DATL	1	1543	[1542, 6759]	2	277	public	2	341
5547	5603	NLVPMVATV	TRBV3-1*01	TRBJ1-3*01	CASSQQMVSSASGTALSGNTIYF	LGH.......DT	YNN....KEL	P.DKAH	1	5548	[5547, 7284]	2	206	public	2	342
3122	3154	GILGFVFTL	TRBV4-3*01	TRBJ2-2*01	CASSQDPLWRRTGALRGTGELFF	LGH.......NA	YSL....EER	P.NSSH	1	3123	[3122, 4855]	2	207	public	2	343
1655	1672	NLVPMVATV	TRBV7-9*01	TRBJ1-6*01	CASSKAERPGYGRLTESYNSPLHF	SEH.......NR	FQN....EAQ	P.KGSF	1	1656	[1655, 6934]	2	203	public	2	344
4281	4323	NLVPMVATV	TRBV20-1*01	TRBJ1-1*01	CSASALDRTGATASGRERDLEAFF	DFQ......ATT	SNEG...SKA	A.SLTL	1	4282	[4281]	1	332	private	1	345
6762	6833	GILGFVFTL	TRBV15*01	TRBJ1-5*01	CATILYEIPGSGGGPMGGAVFVQSCNIVGTGDNQPQHF	LNH.......NV	YYD....KDF	P.NTSF	1	6763	[6762]	1	301	private	1	346
